-- phpMyAdmin SQL Dump
-- version 2.10.2
-- http://www.phpmyadmin.net
-- 
-- 主机: localhost
-- 生成日期: 2009 年 09 月 18 日 16:01
-- 服务器版本: 5.0.41
-- PHP 版本: 5.2.5

SET SQL_MODE="NO_AUTO_VALUE_ON_ZERO";

-- 
-- 数据库: `guoji`
-- 

-- --------------------------------------------------------

-- 
-- 表的结构 `lz_apply`
-- 

CREATE TABLE `lz_apply` (
  `id` int(10) unsigned NOT NULL auto_increment,
  `name` varchar(200) character set utf8 collate utf8_unicode_ci NOT NULL,
  `mobile_number` varchar(100) character set utf8 collate utf8_bin NOT NULL,
  `home_number` varchar(200) character set utf8 collate utf8_bin NOT NULL,
  `project` varchar(100) character set utf8 collate utf8_unicode_ci NOT NULL,
  `major` varchar(100) character set utf8 collate utf8_unicode_ci NOT NULL,
  `reg_time` bigint(255) unsigned NOT NULL,
  PRIMARY KEY  (`id`)
) ENGINE=MyISAM  DEFAULT CHARSET=latin1 AUTO_INCREMENT=5 ;

-- 
-- 导出表中的数据 `lz_apply`
-- 

INSERT INTO `lz_apply` VALUES (1, '', '', '', '', '', 1248407768);
INSERT INTO `lz_apply` VALUES (2, '', '', '', '', '', 1249307544);
INSERT INTO `lz_apply` VALUES (3, '', '', '', '', '', 1249386369);
INSERT INTO `lz_apply` VALUES (4, '', '', '', '', '', 1249720569);

-- --------------------------------------------------------

-- 
-- 表的结构 `lz_cache`
-- 

CREATE TABLE `lz_cache` (
  `cache_id` int(10) unsigned NOT NULL auto_increment,
  `uri` varchar(250) character set utf8 collate utf8_unicode_ci default NULL,
  `create_time` int(10) unsigned default NULL,
  `ttl` int(10) unsigned default NULL,
  `content` varchar(20010) character set utf8 collate utf8_unicode_ci default NULL,
  `order_id` smallint(5) unsigned NOT NULL default '0',
  UNIQUE KEY `cache_id` (`cache_id`),
  KEY `uri` (`uri`)
) ENGINE=MEMORY  DEFAULT CHARSET=latin1 AUTO_INCREMENT=234 ;

-- 
-- 导出表中的数据 `lz_cache`
-- 

INSERT INTO `lz_cache` VALUES (233, '#admin/category//11/false', 1253260126, 30000000, 'array (\n)', 0);
INSERT INTO `lz_cache` VALUES (232, '#admin/category/1/19/false', 1253208589, 30000000, 'array (\n  45 => \n  array (\n    ''category_id'' => ''45'',\n    ''parent_id'' => ''19'',\n    ''name'' => ''留学意大利'',\n    ''description'' => NULL,\n    ''keywords'' => NULL,\n    ''order_id'' => ''0'',\n    ''item_count'' => ''0'',\n    ''status'' => ''1'',\n    ''item_id'' => NULL,\n    ''depth'' => 0,\n    ''children'' => \n    array (\n    ),\n  ),\n  46 => \n  array (\n    ''category_id'' => ''46'',\n    ''parent_id'' => ''19'',\n    ''name'' => ''留学法国'',\n    ''description'' => NULL,\n    ''keywords'' => NULL,\n    ''order_id'' => ''0'',\n    ''item_count'' => ''0'',\n    ''status'' => ''1'',\n    ''item_id'' => NULL,\n    ''depth'' => 0,\n    ''children'' => \n    array (\n    ),\n  ),\n  47 => \n  array (\n    ''category_id'' => ''47'',\n    ''parent_id'' => ''19'',\n    ''name'' => ''留学美国'',\n    ''description'' => NULL,\n    ''keywords'' => NULL,\n    ''order_id'' => ''0'',\n    ''item_count'' => ''0'',\n    ''status'' => ''1'',\n    ''item_id'' => NULL,\n    ''depth'' => 0,\n    ''children'' => \n    array (\n    ),\n  ),\n)', 0);
INSERT INTO `lz_cache` VALUES (231, '#admin/category/1/46/false', 1253208589, 30000000, 'array (\n)', 0);
INSERT INTO `lz_cache` VALUES (230, '#admin/category/1/7/false', 1253208158, 30000000, 'array (\n)', 0);
INSERT INTO `lz_cache` VALUES (229, '#admin/category/1/8/false', 1253207551, 30000000, 'array (\n)', 0);
INSERT INTO `lz_cache` VALUES (228, '#admin/category//9/false', 1253207099, 30000000, 'array (\n  10 => \n  array (\n    ''category_id'' => ''10'',\n    ''parent_id'' => ''9'',\n    ''name'' => ''学校介绍'',\n    ''description'' => NULL,\n    ''keywords'' => NULL,\n    ''order_id'' => ''0'',\n    ''item_count'' => ''0'',\n    ''status'' => ''2'',\n    ''item_id'' => ''4'',\n    ''depth'' => 0,\n    ''children'' => \n    array (\n    ),\n  ),\n  11 => \n  array (\n    ''category_id'' => ''11'',\n    ''parent_id'' => ''9'',\n    ''name'' => ''学院介绍'',\n    ''description'' => NULL,\n    ''keywords'' => NULL,\n    ''order_id'' => ''0'',\n    ''item_count'' => ''0'',\n    ''status'' => ''2'',\n    ''item_id'' => ''3'',\n    ''depth'' => 0,\n    ''children'' => \n    array (\n    ),\n  ),\n)', 0);
INSERT INTO `lz_cache` VALUES (227, '#admin/category//10/false', 1253207099, 30000000, 'array (\n)', 0);
INSERT INTO `lz_cache` VALUES (226, '#admin/category//44/false', 1253207091, 30000000, 'array (\n)', 0);
INSERT INTO `lz_cache` VALUES (225, '#admin/category//12/false', 1253207053, 30000000, 'array (\n)', 0);
INSERT INTO `lz_cache` VALUES (224, '#admin/category/1/12/false', 1253207042, 30000000, 'array (\n)', 0);
INSERT INTO `lz_cache` VALUES (223, '#admin/category//24/false', 1253206802, 30000000, 'array (\n)', 0);
INSERT INTO `lz_cache` VALUES (222, '#admin/category//23/false', 1253206802, 30000000, 'array (\n)', 0);
INSERT INTO `lz_cache` VALUES (221, '#admin/category//22/false', 1253206802, 30000000, 'array (\n)', 0);
INSERT INTO `lz_cache` VALUES (220, '#admin/category//16/false', 1253206802, 30000000, 'array (\n  22 => \n  array (\n    ''category_id'' => ''22'',\n    ''parent_id'' => ''16'',\n    ''name'' => ''申请流程及准备'',\n    ''description'' => NULL,\n    ''keywords'' => NULL,\n    ''order_id'' => ''0'',\n    ''item_count'' => ''0'',\n    ''status'' => ''2'',\n    ''item_id'' => ''32'',\n    ''depth'' => 0,\n    ''children'' => \n    array (\n    ),\n  ),\n  23 => \n  array (\n    ''category_id'' => ''23'',\n    ''parent_id'' => ''16'',\n    ''name'' => ''学费及住宿标准'',\n    ''description'' => NULL,\n    ''keywords'' => NULL,\n    ''order_id'' => ''0'',\n    ''item_count'' => ''0'',\n    ''status'' => ''2'',\n    ''item_id'' => ''33'',\n    ''depth'' => 0,\n    ''children'' => \n    array (\n    ),\n  ),\n  24 => \n  array (\n    ''category_id'' => ''24'',\n    ''parent_id'' => ''16'',\n    ''name'' => ''在线申请'',\n    ''description'' => NULL,\n    ''keywords'' => NULL,\n    ''order_id'' => ''0'',\n    ''item_count'' => ''0'',\n    ''status'' => ''2'',\n    ''item_id'' => ''93'',\n    ''depth'' => 0,\n    ''children'' => \n    array (\n    ),\n  ),\n)', 0);
INSERT INTO `lz_cache` VALUES (219, '#admin/category//29/false', 1253206788, 30000000, 'array (\n)', 0);
INSERT INTO `lz_cache` VALUES (218, '#admin/category//5/false', 1253206786, 30000000, 'array (\n  29 => \n  array (\n    ''category_id'' => ''29'',\n    ''parent_id'' => ''5'',\n    ''name'' => ''住宿'',\n    ''description'' => NULL,\n    ''keywords'' => NULL,\n    ''order_id'' => ''0'',\n    ''item_count'' => ''0'',\n    ''status'' => ''2'',\n    ''item_id'' => ''56'',\n    ''depth'' => 0,\n    ''children'' => \n    array (\n    ),\n  ),\n  30 => \n  array (\n    ''category_id'' => ''30'',\n    ''parent_id'' => ''5'',\n    ''name'' => ''地图'',\n    ''description'' => NULL,\n    ''keywords'' => NULL,\n    ''order_id'' => ''0'',\n    ''item_count'' => ''0'',\n    ''status'' => ''2'',\n    ''item_id'' => ''51'',\n    ''depth'' => 0,\n    ''children'' => \n    array (\n    ),\n  ),\n  31 => \n  array (\n    ''category_id'' => ''31'',\n    ''parent_id'' => ''5'',\n    ''name'' => ''餐厅'',\n    ''description'' => NULL,\n    ''keywords'' => NULL,\n    ''order_id'' => ''0'',\n    ''item_count'' => ''0'',\n    ''status'' => ''2'',\n    ''item_id'' => ''55'',\n    ''depth'' => 0,\n    ''children'' => \n    array (\n    ),\n  ),\n  32 => \n  array (\n    ''category_id'' => ''32'',\n    ''parent_id'' => ''5'',\n    ''name'' => ''图书馆'',\n    ''description'' => '''',\n    ''keywords'' => NULL,\n    ''order_id'' => ''0'',\n    ''item_count'' => ''0'',\n    ''status'' => ''2'',\n    ''item_id'' => ''52'',\n    ''depth'' => 0,\n    ''children'' => \n    array (\n    ),\n  ),\n  33 => \n  array (\n    ''category_id'' => ''33'',\n    ''parent_id'' => ''5'',\n    ''name'' => ''周边环境'',\n    ''description'' => NULL,\n    ''keywords'' => NULL,\n    ''order_id'' => ''0'',\n    ''item_count'' => ''0'',\n    ''status'' => ''2'',\n    ''item_id'' => ''53'',\n    ''depth'' => 0,\n    ''children'' => \n    array (\n    ),\n  ),\n  34 => \n  array (\n    ''category_id'' => ''34'',\n    ''parent_id'' => ''5'',\n    ''name'' => ''学生园地'',\n    ''description'' => NULL,\n    ''keywords'' => NULL,\n    ''order_id'' => ''0'',\n    ''item_count'' => ''0'',\n    ''status'' => ''2'',\n    ''item_id'' => ''54'',\n    ''depth'' => 0,\n    ''children'' => \n    array (\n    ),\n  ),\n)', 0);
INSERT INTO `lz_cache` VALUES (217, '#admin/category//0/false', 1253206777, 30000000, 'array (\n  3 => \n  array (\n    ''category_id'' => ''3'',\n    ''parent_id'' => ''0'',\n    ''name'' => ''新闻中心'',\n    ''description'' => NULL,\n    ''keywords'' => NULL,\n    ''order_id'' => ''9'',\n    ''item_count'' => ''0'',\n    ''status'' => ''1'',\n    ''item_id'' => NULL,\n    ''depth'' => 0,\n    ''children'' => \n    array (\n      12 => \n      array (\n        ''category_id'' => ''12'',\n        ''parent_id'' => ''3'',\n        ''name'' => ''新闻动态'',\n        ''description'' => NULL,\n        ''keywords'' => NULL,\n        ''order_id'' => ''0'',\n        ''item_count'' => ''0'',\n        ''status'' => ''1'',\n        ''item_id'' => NULL,\n        ''depth'' => 1,\n        ''children'' => \n        array (\n        ),\n      ),\n      14 => \n      array (\n        ''category_id'' => ''14'',\n        ''parent_id'' => ''3'',\n        ''name'' => ''信息公告'',\n        ''description'' => NULL,\n        ''keywords'' => NULL,\n        ''order_id'' => ''0'',\n        ''item_count'' => ''0'',\n        ''status'' => ''1'',\n        ''item_id'' => NULL,\n        ''depth'' => 1,\n        ''children'' => \n        array (\n        ),\n      ),\n      44 => \n      array (\n        ''category_id'' => ''44'',\n        ''parent_id'' => ''3'',\n        ''name'' => ''项目导航'',\n        ''description'' => NULL,\n        ''keywords'' => NULL,\n        ''order_id'' => ''0'',\n        ''item_count'' => ''0'',\n        ''status'' => ''1'',\n        ''item_id'' => NULL,\n        ''depth'' => 1,\n        ''children'' => \n        array (\n        ),\n      ),\n    ),\n  ),\n  4 => \n  array (\n    ''category_id'' => ''4'',\n    ''parent_id'' => ''0'',\n    ''name'' => ''项目介绍'',\n    ''description'' => NULL,\n    ''keywords'' => NULL,\n    ''order_id'' => ''7'',\n    ''item_count'' => ''0'',\n    ''status'' => ''1'',\n    ''item_id'' => NULL,\n    ''depth'' => 0,\n    ''children'' => \n    array (\n      15 => \n      array (\n        ''category_id'' => ''15'',\n        ''parent_id'' => ''4'',\n        ''name'' => ''项目分类'',\n        ''description'' => NULL,\n        ''keywords'' => NULL,\n        ''order_id'' => ''0'',\n        ''item_count'' => ''0'',\n        ''status'' => ''1'',\n        ''item_id'' => NULL,\n        ''depth'' => 1,\n        ''children'' => \n        array (\n          19 => \n          array (\n            ''category_id'' => ''19'',\n            ''parent_id'' => ''15'',\n            ''name'' => ''留学预科'',\n            ''description'' => NULL,\n            ''keywords'' => NULL,\n            ''order_id'' => ''0'',\n            ''item_count'' => ''0'',\n            ''status'' => ''1'',\n            ''item_id'' => NULL,\n            ''depth'' => 2,\n            ''children'' => \n            array (\n              45 => \n              array (\n                ''category_id'' => ''45'',\n                ''parent_id'' => ''19'',\n                ''name'' => ''留学意大利'',\n                ''description'' => NULL,\n                ''keywords'' => NULL,\n                ''order_id'' => ''0'',\n                ''item_count'' => ''0'',\n                ''status'' => ''1'',\n                ''item_id'' => NULL,\n                ''depth'' => 3,\n                ''children'' => \n                array (\n                ),\n              ),\n              46 => \n              array (\n                ''category_id'' => ''46'',\n                ''parent_id'' => ''19'',\n                ''name'' => ''留学法国'',\n                ''description'' => NULL,\n                ''keywords'' => NULL,\n                ''order_id'' => ''0'',\n                ''item_count'' => ''0'',\n                ''status'' => ''1'',\n                ''item_id'' => NULL,\n                ''depth'' => 3,\n                ''children'' => \n                array (\n                ),\n              ),\n              47 => \n              array (\n                ''category_id'' => ''47'',\n                ''parent_id'' => ''19'',\n                ''name'' => ''留学美国'',\n                ''description'' => NULL,\n                ''keywords'' => NULL,\n                ''order_id'' => ''0'',\n                ''item_count'' => ''0'',\n                ''status'' => ''1'',\n                ''item_id'' => NULL,\n                ''depth'' => 3,\n                ''children'' => \n                array (\n                ),\n              ),\n            ),\n          ),\n          20 => \n          array (\n            ''category_id'' => ''20'',\n            ''parent_id'' => ''15'',\n            ''name'' => ''国际本科'',\n            ''description'' => NULL,\n            ''keywords'' => NULL,\n            ''order_id'' => ''0'',\n            ''item_count'' => ''0'',\n            ''status'' => ''1'',\n            ''item_id'' => NULL,\n            ''depth'' => 2,\n            ''children'' => \n            array (\n              48 => \n              array (\n                ''category_id'' => ''48'',\n                ''parent_id'' => ''20'',\n                ''name'' => ''留学美国'',\n                ''description'' => NULL,\n                ''keywords'' => NULL,\n                ''order_id'' => ''0'',\n                ''item_count'' => ''0'',\n                ''status'' => ''1'',\n                ''item_id'' => NULL,\n                ''depth'' => 3,\n                ''children'' => \n                array (\n                ),\n              ),\n              49 => \n              array (\n                ''category_id'' => ''49'',\n                ''parent_id'' => ''20'',\n                ''name'' => ''留学欧洲'',\n                ''description'' => NULL,\n                ''keywords'' => NULL,\n                ''order_id'' => ''0'',\n                ''item_count'' => ''0'',\n                ''status'' => ''1'',\n                ''item_id'' => NULL,\n                ''depth'' => 3,\n                ''children'' => \n                array (\n                ),\n              ),\n            ),\n          ),\n          21 => \n          array (\n            ''category_id'' => ''21'',\n            ''parent_id'' => ''15'',\n            ''name'' => ''硕士项目'',\n            ''description'' => NULL,\n            ''keywords'' => NULL,\n            ''order_id'' => ''0'',\n            ''item_count'' => ''0'',\n            ''status'' => ''1'',\n            ''item_id'' => NULL,\n            ''depth'' => 2,\n            ''children'' => \n            array (\n              50 => \n              array (\n                ''category_id'' => ''50'',\n                ''parent_id'' => ''21'',\n                ''name'' => ''美国硕士'',\n                ''description'' => NULL,\n                ''keywords'' => NULL,\n                ''order_id'' => ''0'',\n                ''item_count'' => ''0'',\n                ''status'' => ''1'',\n                ''item_id'' => NULL,\n                ''depth'' => 3,\n                ''children'' => \n                array (\n                ),\n              ),\n              51 => \n              array (\n                ''category_id'' => ''51'',\n                ''parent_id'' => ''21'',\n                ''name'' => ''日本硕士'',\n                ''description'' => NULL,\n                ''keywords'' => NULL,\n                ''order_id'' => ''0'',\n                ''item_count'' => ''0'',\n                ''status'' => ''1'',\n                ''item_id'' => NULL,\n                ''depth'' => 3,\n                ''children'' => \n                array (\n                ),\n              ),\n              52 => \n              array (\n                ''category_id'' => ''52'',\n                ''parent_id'' => ''21'',\n                ''name'' => ''英国硕士'',\n                ''description'' => NULL,\n                ''keywords'' => NULL,\n                ''order_id'' => ''0'',\n                ''item_count'' => ''0'',\n                ''status'' => ''1'',\n                ''item_id'' => NULL,\n                ''depth'' => 3,\n                ''children'' => \n                array (\n                ),\n              ),\n            ),\n          ),\n          61 => \n          array (\n            ''category_id'' => ''61'',\n            ''parent_id'' => ''15'',\n            ''name'' => ''来华留学'',\n            ''description'' => NULL,\n            ''keywords'' => NULL,\n            ''order_id'' => ''0'',\n            ''item_count'' => ''0'',\n            ''status'' => ''1'',\n            ''item_id'' => NULL,\n            ''depth'' => 2,\n            ''children'' => \n            array (\n            ),\n          ),\n        ),\n      ),\n      16 => \n      array (\n        ''category_id'' => ''16'',\n        ''parent_id'' => ''4'',\n        ''name'' => ''国内学生申请'',\n        ''description'' => NULL,\n        ''keywords'' => NULL,\n        ''order_id'' => ''0'',\n        ''item_count'' => ''0'',\n        ''status'' => ''1'',\n        ''item_id'' => NULL,\n        ''depth'' => 1,\n        ''children'' => \n        array (\n          22 => \n          array (\n            ''category_id'' => ''22'',\n            ''parent_id'' => ''16'',\n            ''name'' => ''申请流程及准备'',\n            ''description'' => NULL,\n            ''keywords'' => NULL,\n            ''order_id'' => ''0'',\n            ''item_count'' => ''0'',\n            ''status'' => ''2'',\n            ''item_id'' => ''32'',\n            ''depth'' => 2,\n            ''children'' => \n            array (\n            ),\n          ),\n          23 => \n          array (\n            ''category_id'' => ''23'',\n            ''parent_id'' => ''16'',\n            ''name'' => ''学费及住宿标准'',\n            ''description'' => NULL,\n            ''keywords'' => NULL,\n            ''order_id'' => ''0'',\n            ''item_count'' => ''0'',\n            ''status'' => ''2'',\n            ''item_id'' => ''33'',\n            ''depth'' => 2,\n            ''children'' => \n            array (\n            ),\n          ),\n          24 => \n          array (\n            ''category_id'' => ''24'',\n            ''parent_id'' => ''16'',\n            ''name'' => ''在线申请'',\n            ''description'' => NULL,\n            ''keywords'' => NULL,\n            ''order_id'' => ''0'',\n            ''item_count'' => ''0'',\n            ''status'' => ''2'',\n            ''item_id'' => ''93'',\n            ''depth'' => 2,\n            ''children'' => \n            array (\n            ),\n          ),\n        ),\n      ),\n      17 => \n      array (\n        ''category_id'' => ''17'',\n        ''parent_id'' => ''4'',\n        ''name'' => ''国际学生申请'',\n        ''description'' => NULL,\n        ''keywords'' => NULL,\n        ''order_id'' => ''0'',\n        ''item_count'' => ''0'',\n        ''status'' => ''1'',\n        ''item_id'' => NULL,\n        ''depth'' => 1,\n        ''children'' => \n        array (\n          25 => \n          array (\n            ''category_id'' => ''25'',\n            ''parent_id'' => ''17'',\n            ''name'' => ''申请流程及准备'',\n            ''description'' => NULL,\n            ''keywords'' => NULL,\n            ''order_id'' => ''0'',\n            ''item_count'' => ''0'',\n            ''status'' => ''2'',\n            ''item_id'' => ''35'',\n            ''depth'' => 2,\n            ''children'' => \n            array (\n            ),\n          ),\n          26 => \n          array (\n            ''category_id'' => ''26'',\n            ''parent_id'' => ''17'',\n            ''name'' => ''学费及住宿标准'',\n            ''description'' => NULL,\n            ''keywords'' => NULL,\n            ''order_id'' => ''0'',\n            ''item_count'' => ''0'',\n            ''status'' => ''2'',\n            ''item_id'' => ''44'',\n            ''depth'' => 2,\n            ''children'' => \n            array (\n            ),\n          ),\n          27 => \n          array (\n            ''category_id'' => ''27'',\n            ''parent_id'' => ''17'',\n            ''name'' => ''学制'',\n            ''description'' => NULL,\n            ''keywords'' => NULL,\n            ''order_id'' => ''0'',\n            ''item_count'' => ''0'',\n            ''status'' => ''2'',\n            ''item_id'' => ''43'',\n            ''depth'' => 2,\n            ''children'' => \n            array (\n            ),\n          ),\n          28 => \n          array (\n            ''category_id'' => ''28'',\n            ''parent_id'' => ''17'',\n            ''name'' => ''在线申请'',\n            ''description'' => NULL,\n            ''keywords'' => NULL,\n            ''order_id'' => ''0'',\n            ''item_count'' => ''0'',\n            ''status'' => ''1'',\n            ''item_id'' => NULL,\n            ''depth'' => 2,\n            ''children'' => \n            array (\n            ),\n          ),\n        ),\n      ),\n      18 => \n      array (\n        ''category_id'' => ''18'',\n        ''parent_id'' => ''4'',\n        ''name'' => ''FAQ'',\n        ''description'' => NULL,\n        ''keywords'' => NULL,\n        ''order_id'' => ''0'',\n        ''item_count'' => ''0'',\n        ''status'' => ''1'',\n        ''item_id'' => NULL,\n        ''depth'' => 1,\n        ''children'' => \n        array (\n        ),\n      ),\n    ),\n  ),\n  7 => \n  array (\n    ''category_id'' => ''7'',\n    ''parent_id'' => ''0'',\n    ''name'' => ''相关视频'',\n    ''description'' => NULL,\n    ''keywords'' => NULL,\n    ''order_id'' => ''5'',\n    ''item_count'' => ''0'',\n    ''status'' => ''1'',\n    ''item_id'' => NULL,\n    ''depth'' => 0,\n    ''children'' => \n    array (\n    ),\n  ),\n  8 => \n  array (\n    ''category_id'' => ''8'',\n    ''parent_id'' => ''0'',\n    ''name'' => ''首页图片展示'',\n    ''description'' => NULL,\n    ''keywords'' => NULL,\n    ''order_id'' => ''3'',\n    ''item_count'' => ''0'',\n    ''status'' => ''1'',\n    ''item_id'' => NULL,\n    ''depth'' => 0,\n    ''children'' => \n    array (\n    ),\n  ),\n  9 => \n  array (\n    ''category_id'' => ''9'',\n    ''parent_id'' => ''0'',\n    ''name'' => ''概览'',\n    ''description'' => NULL,\n    ''keywords'' => NULL,\n    ''order_id'' => ''2'',\n    ''item_count'' => ''0'',\n    ''status'' => ''2'',\n    ''item_id'' => ''47'',\n    ''depth'' => 0,\n    ''children'' => \n    array (\n      10 => \n      array (\n        ''category_id'' => ''10'',\n        ''parent_id'' => ''9'',\n        ''name'' => ''学校介绍'',\n        ''description'' => NULL,\n        ''keywords'' => NULL,\n        ''order_id'' => ''0'',\n        ''item_count'' => ''0'',\n        ''status'' => ''2'',\n        ''item_id'' => ''4'',\n        ''depth'' => 1,\n        ''children'' => \n        array (\n        ),\n      ),\n      11 => \n      array (\n        ''category_id'' => ''11'',\n        ''parent_id'' => ''9'',\n        ''name'' => ''学院介绍'',\n        ''description'' => NULL,\n        ''keywords'' => NULL,\n        ''order_id'' => ''0'',\n        ''item_count'' => ''0'',\n        ''status'' => ''2'',\n        ''item_id'' => ''3'',\n        ''depth'' => 1,\n        ''children'' => \n        array (\n        ),\n      ),\n    ),\n  ),\n  6 => \n  array (\n    ''category_id'' => ''6'',\n    ''parent_id'' => ''0'',\n    ''name'' => ''走进成都'',\n    ''description'' => NULL,\n    ''keywords'' => NULL,\n    ''order_id'' => ''1'',\n    ''item_count'' => ''0'',\n    ''status'' => ''2'',\n    ''item_id'' => ''37'',\n    ''depth'' => 0,\n    ''children'' => \n    array (\n      58 => \n      array (\n        ''category_id'' => ''58'',\n        ''parent_id'' => ''6'',\n        ''name'' => ''驻外领事'',\n        ''description'' => NULL,\n        ''keywords'' => NULL,\n        ''order_id'' => ''0'',\n        ''item_count'' => ''0'',\n        ''status'' => ''2'',\n        ''item_id'' => ''42'',\n        ''depth'' => 1,\n        ''children'' => \n        array (\n        ),\n      ),\n      54 => \n      array (\n        ''category_id'' => ''54'',\n        ''parent_id'' => ''6'',\n        ''name'' => ''成都历史'',\n        ''description'' => NULL,\n        ''keywords'' => NULL,\n        ''order_id'' => ''0'',\n        ''item_count'' => ''0'',\n        ''status'' => ''2'',\n        ''item_id'' => ''38'',\n        ''depth'' => 1,\n        ''children'' => \n        array (\n        ),\n      ),\n      40 => \n      array (\n        ''category_id'' => ''40'',\n        ''parent_id'' => ''6'',\n        ''name'' => ''四川风情'',\n        ''description'' => NULL,\n        ''keywords'' => NULL,\n        ''order_id'' => ''0'',\n        ''item_count'' => ''0'',\n        ''status'' => ''2'',\n        ''item_id'' => ''57'',\n        ''depth'' => 1,\n        ''children'' => \n        array (\n        ),\n      ),\n      41 => \n      array (\n        ''category_id'' => ''41'',\n        ''parent_id'' => ''6'',\n        ''name'' => ''四川名胜'',\n        ''description'' => NULL,\n        ''keywords'' => NULL,\n        ''order_id'' => ''0'',\n        ''item_count'' => ''0'',\n        ''status'' => ''2'',\n        ''item_id'' => ''58'',\n        ''depth'' => 1,\n        ''children'' => \n        array (\n        ),\n      ),\n      53 => \n      array (\n        ''category_id'' => ''53'',\n        ''parent_id'' => ''6'',\n        ''name'' => ''成都地理特征'',\n        ''description'' => NULL,\n        ''keywords'' => NULL,\n        ''order_id'' => ''0'',\n        ''item_count'' => ''0'',\n        ''status'' => ''2'',\n        ''item_id'' => ''39'',\n        ''depth'' => 1,\n        ''children'' => \n        array (\n        ),\n      ),\n      56 => \n      array (\n        ''category_id'' => ''56'',\n        ''parent_id'' => ''6'',\n        ''name'' => ''风土人情'',\n        ''description'' => NULL,\n        ''keywords'' => NULL,\n        ''order_id'' => ''0'',\n        ''item_count'' => ''0'',\n        ''status'' => ''2'',\n        ''item_id'' => ''41'',\n        ''depth'' => 1,\n        ''children'' => \n        array (\n        ),\n      ),\n    ),\n  ),\n  5 => \n  array (\n    ''category_id'' => ''5'',\n    ''parent_id'' => ''0'',\n    ''name'' => ''学生服务'',\n    ''description'' => NULL,\n    ''keywords'' => NULL,\n    ''order_id'' => ''0'',\n    ''item_count'' => ''0'',\n    ''status'' => ''2'',\n    ''item_id'' => ''50'',\n    ''depth'' => 0,\n    ''children'' => \n    array (\n      29 => \n      array (\n        ''category_id'' => ''29'',\n        ''parent_id'' => ''5'',\n        ''name'' => ''住宿'',\n        ''description'' => NULL,\n        ''keywords'' => NULL,\n        ''order_id'' => ''0'',\n        ''item_count'' => ''0'',\n        ''status'' => ''2'',\n        ''item_id'' => ''56'',\n        ''depth'' => 1,\n        ''children'' => \n        array (\n        ),\n      ),\n      30 => \n      array (\n        ''category_id'' => ''30'',\n        ''parent_id'' => ''5'',\n        ''name'' => ''地图'',\n        ''description'' => NULL,\n        ''keywords'' => NULL,\n        ''order_id'' => ''0'',\n        ''item_count'' => ''0'',\n        ''status'' => ''2'',\n        ''item_id'' => ''51'',\n        ''depth'' => 1,\n        ''children'' => \n        array (\n        ),\n      ),\n      31 => \n      array (\n        ''category_id'' => ''31'',\n        ''parent_id'' => ''5'',\n        ''name'' => ''餐厅'',\n        ''description'' => NULL,\n        ''keywords'' => NULL,\n        ''order_id'' => ''0'',\n        ''item_count'' => ''0'',\n        ''status'' => ''2'',\n        ''item_id'' => ''55'',\n        ''depth'' => 1,\n        ''children'' => \n        array (\n        ),\n      ),\n      32 => \n      array (\n        ''category_id'' => ''32'',\n        ''parent_id'' => ''5'',\n        ''name'' => ''图书馆'',\n        ''description'' => '''',\n        ''keywords'' => NULL,\n        ''order_id'' => ''0'',\n        ''item_count'' => ''0'',\n        ''status'' => ''2'',\n        ''item_id'' => ''52'',\n        ''depth'' => 1,\n        ''children'' => \n        array (\n        ),\n      ),\n      33 => \n      array (\n        ''category_id'' => ''33'',\n        ''parent_id'' => ''5'',\n        ''name'' => ''周边环境'',\n        ''description'' => NULL,\n        ''keywords'' => NULL,\n        ''order_id'' => ''0'',\n        ''item_count'' => ''0'',\n        ''status'' => ''2'',\n        ''item_id'' => ''53'',\n        ''depth'' => 1,\n        ''children'' => \n        array (\n        ),\n      ),\n      34 => \n      array (\n        ''category_id'' => ''34'',\n        ''parent_id'' => ''5'',\n        ''name'' => ''学生园地'',\n        ''description'' => NULL,\n        ''keywords'' => NULL,\n        ''order_id'' => ''0'',\n        ''item_count'' => ''0'',\n        ''status'' => ''2'',\n        ''item_id'' => ''54'',\n        ''depth'' => 1,\n        ''children'' => \n        array (\n        ),\n      ),\n    ),\n  ),\n  59 => \n  array (\n    ''category_id'' => ''59'',\n    ''parent_id'' => ''0'',\n    ''name'' => ''其他内容'',\n    ''description'' => NULL,\n    ''keywords'' => NULL,\n    ''order_id'' => ''0'',\n    ''item_count'' => ''0'',\n    ''status'' => ''2'',\n    ''item_id'' => ''48'',\n    ''depth'' => 0,\n    ''children'' => \n    array (\n      60 => \n      array (\n        ''category_id'' => ''60'',\n        ''parent_id'' => ''59'',\n        ''name'' => ''页面底部信息'',\n        ''description'' => NULL,\n        ''keywords'' => NULL,\n        ''order_id'' => ''0'',\n        ''item_count'' => ''0'',\n        ''status'' => ''2'',\n        ''item_id'' => ''49'',\n        ''depth'' => 1,\n        ''children'' => \n        array (\n        ),\n      ),\n    ),\n  ),\n)', 0);
INSERT INTO `lz_cache` VALUES (216, '#admin/category//7/false', 1253206777, 30000000, 'array (\n)', 0);
INSERT INTO `lz_cache` VALUES (215, '#admin/category//3/false', 1253206755, 30000000, 'array (\n  12 => \n  array (\n    ''category_id'' => ''12'',\n    ''parent_id'' => ''3'',\n    ''name'' => ''新闻动态'',\n    ''description'' => NULL,\n    ''keywords'' => NULL,\n    ''order_id'' => ''0'',\n    ''item_count'' => ''0'',\n    ''status'' => ''1'',\n    ''item_id'' => NULL,\n    ''depth'' => 0,\n    ''children'' => \n    array (\n    ),\n  ),\n  14 => \n  array (\n    ''category_id'' => ''14'',\n    ''parent_id'' => ''3'',\n    ''name'' => ''信息公告'',\n    ''description'' => NULL,\n    ''keywords'' => NULL,\n    ''order_id'' => ''0'',\n    ''item_count'' => ''0'',\n    ''status'' => ''1'',\n    ''item_id'' => NULL,\n    ''depth'' => 0,\n    ''children'' => \n    array (\n    ),\n  ),\n  44 => \n  array (\n    ''category_id'' => ''44'',\n    ''parent_id'' => ''3'',\n    ''name'' => ''项目导航'',\n    ''description'' => NULL,\n    ''keywords'' => NULL,\n    ''order_id'' => ''0'',\n    ''item_count'' => ''0'',\n    ''status'' => ''1'',\n    ''item_id'' => NULL,\n    ''depth'' => 0,\n    ''children'' => \n    array (\n    ),\n  ),\n)', 0);
INSERT INTO `lz_cache` VALUES (214, '#admin/category/1/23/false', 1253196089, 30000000, 'array (\n)', 0);
INSERT INTO `lz_cache` VALUES (213, '#admin/category/1/22/false', 1253196089, 30000000, 'array (\n)', 0);
INSERT INTO `lz_cache` VALUES (212, '#admin/category/1/40/false', 1253196082, 30000000, 'array (\n)', 0);
INSERT INTO `lz_cache` VALUES (211, '#admin/category/1/54/false', 1253196079, 30000000, 'array (\n)', 0);
INSERT INTO `lz_cache` VALUES (210, '#admin/category/1/41/false', 1253196076, 30000000, 'array (\n)', 0);
INSERT INTO `lz_cache` VALUES (209, '#admin/category/1/6/false', 1253196075, 30000000, 'array (\n  58 => \n  array (\n    ''category_id'' => ''58'',\n    ''parent_id'' => ''6'',\n    ''name'' => ''驻外领事'',\n    ''description'' => NULL,\n    ''keywords'' => NULL,\n    ''order_id'' => ''0'',\n    ''item_count'' => ''0'',\n    ''status'' => ''2'',\n    ''item_id'' => ''42'',\n    ''depth'' => 0,\n    ''children'' => \n    array (\n    ),\n  ),\n  54 => \n  array (\n    ''category_id'' => ''54'',\n    ''parent_id'' => ''6'',\n    ''name'' => ''成都历史'',\n    ''description'' => NULL,\n    ''keywords'' => NULL,\n    ''order_id'' => ''0'',\n    ''item_count'' => ''0'',\n    ''status'' => ''2'',\n    ''item_id'' => ''38'',\n    ''depth'' => 0,\n    ''children'' => \n    array (\n    ),\n  ),\n  40 => \n  array (\n    ''category_id'' => ''40'',\n    ''parent_id'' => ''6'',\n    ''name'' => ''四川风情'',\n    ''description'' => NULL,\n    ''keywords'' => NULL,\n    ''order_id'' => ''0'',\n    ''item_count'' => ''0'',\n    ''status'' => ''2'',\n    ''item_id'' => ''57'',\n    ''depth'' => 0,\n    ''children'' => \n    array (\n    ),\n  ),\n  41 => \n  array (\n    ''category_id'' => ''41'',\n    ''parent_id'' => ''6'',\n    ''name'' => ''四川名胜'',\n    ''description'' => NULL,\n    ''keywords'' => NULL,\n    ''order_id'' => ''0'',\n    ''item_count'' => ''0'',\n    ''status'' => ''2'',\n    ''item_id'' => ''58'',\n    ''depth'' => 0,\n    ''children'' => \n    array (\n    ),\n  ),\n  53 => \n  array (\n    ''category_id'' => ''53'',\n    ''parent_id'' => ''6'',\n    ''name'' => ''成都地理特征'',\n    ''description'' => NULL,\n    ''keywords'' => NULL,\n    ''order_id'' => ''0'',\n    ''item_count'' => ''0'',\n    ''status'' => ''2'',\n    ''item_id'' => ''39'',\n    ''depth'' => 0,\n    ''children'' => \n    array (\n    ),\n  ),\n  56 => \n  array (\n    ''category_id'' => ''56'',\n    ''parent_id'' => ''6'',\n    ''name'' => ''风土人情'',\n    ''description'' => NULL,\n    ''keywords'' => NULL,\n    ''order_id'' => ''0'',\n    ''item_count'' => ''0'',\n    ''status'' => ''2'',\n    ''item_id'' => ''41'',\n    ''depth'' => 0,\n    ''children'' => \n    array (\n    ),\n  ),\n)', 0);
INSERT INTO `lz_cache` VALUES (208, '#admin/category/1/3/false', 1253196072, 30000000, 'array (\n  12 => \n  array (\n    ''category_id'' => ''12'',\n    ''parent_id'' => ''3'',\n    ''name'' => ''新闻动态'',\n    ''description'' => NULL,\n    ''keywords'' => NULL,\n    ''order_id'' => ''0'',\n    ''item_count'' => ''0'',\n    ''status'' => ''1'',\n    ''item_id'' => NULL,\n    ''depth'' => 0,\n    ''children'' => \n    array (\n    ),\n  ),\n  14 => \n  array (\n    ''category_id'' => ''14'',\n    ''parent_id'' => ''3'',\n    ''name'' => ''信息公告'',\n    ''description'' => NULL,\n    ''keywords'' => NULL,\n    ''order_id'' => ''0'',\n    ''item_count'' => ''0'',\n    ''status'' => ''1'',\n    ''item_id'' => NULL,\n    ''depth'' => 0,\n    ''children'' => \n    array (\n    ),\n  ),\n  44 => \n  array (\n    ''category_id'' => ''44'',\n    ''parent_id'' => ''3'',\n    ''name'' => ''项目导航'',\n    ''description'' => NULL,\n    ''keywords'' => NULL,\n    ''order_id'' => ''0'',\n    ''item_count'' => ''0'',\n    ''status'' => ''1'',\n    ''item_id'' => NULL,\n    ''depth'' => 0,\n    ''children'' => \n    array (\n    ),\n  ),\n)', 0);
INSERT INTO `lz_cache` VALUES (207, '#admin/category/1/0/1', 1253196061, 30000000, 'array (\n  3 => \n  array (\n    ''category_id'' => ''3'',\n    ''parent_id'' => ''0'',\n    ''name'' => ''新闻中心'',\n    ''description'' => NULL,\n    ''keywords'' => NULL,\n    ''order_id'' => ''9'',\n    ''item_count'' => ''0'',\n    ''status'' => ''1'',\n    ''item_id'' => NULL,\n    ''depth'' => 0,\n    ''children'' => \n    array (\n      12 => \n      array (\n        ''category_id'' => ''12'',\n        ''parent_id'' => ''3'',\n        ''name'' => ''新闻动态'',\n        ''description'' => NULL,\n        ''keywords'' => NULL,\n        ''order_id'' => ''0'',\n        ''item_count'' => ''0'',\n        ''status'' => ''1'',\n        ''item_id'' => NULL,\n        ''depth'' => 1,\n        ''children'' => \n        array (\n        ),\n      ),\n      14 => \n      array (\n        ''category_id'' => ''14'',\n        ''parent_id'' => ''3'',\n        ''name'' => ''信息公告'',\n        ''description'' => NULL,\n        ''keywords'' => NULL,\n        ''order_id'' => ''0'',\n        ''item_count'' => ''0'',\n        ''status'' => ''1'',\n        ''item_id'' => NULL,\n        ''depth'' => 1,\n        ''children'' => \n        array (\n        ),\n      ),\n      44 => \n      array (\n        ''category_id'' => ''44'',\n        ''parent_id'' => ''3'',\n        ''name'' => ''项目导航'',\n        ''description'' => NULL,\n        ''keywords'' => NULL,\n        ''order_id'' => ''0'',\n        ''item_count'' => ''0'',\n        ''status'' => ''1'',\n        ''item_id'' => NULL,\n        ''depth'' => 1,\n        ''children'' => \n        array (\n        ),\n      ),\n    ),\n  ),\n  4 => \n  array (\n    ''category_id'' => ''4'',\n    ''parent_id'' => ''0'',\n    ''name'' => ''项目介绍'',\n    ''description'' => NULL,\n    ''keywords'' => NULL,\n    ''order_id'' => ''7'',\n    ''item_count'' => ''0'',\n    ''status'' => ''1'',\n    ''item_id'' => NULL,\n    ''depth'' => 0,\n    ''children'' => \n    array (\n      15 => \n      array (\n        ''category_id'' => ''15'',\n        ''parent_id'' => ''4'',\n        ''name'' => ''项目分类'',\n        ''description'' => NULL,\n        ''keywords'' => NULL,\n        ''order_id'' => ''0'',\n        ''item_count'' => ''0'',\n        ''status'' => ''1'',\n        ''item_id'' => NULL,\n        ''depth'' => 1,\n        ''children'' => \n        array (\n          19 => \n          array (\n            ''category_id'' => ''19'',\n            ''parent_id'' => ''15'',\n            ''name'' => ''留学预科'',\n            ''description'' => NULL,\n            ''keywords'' => NULL,\n            ''order_id'' => ''0'',\n            ''item_count'' => ''0'',\n            ''status'' => ''1'',\n            ''item_id'' => NULL,\n            ''depth'' => 2,\n            ''children'' => \n            array (\n              45 => \n              array (\n                ''category_id'' => ''45'',\n                ''parent_id'' => ''19'',\n                ''name'' => ''留学意大利'',\n                ''description'' => NULL,\n                ''keywords'' => NULL,\n                ''order_id'' => ''0'',\n                ''item_count'' => ''0'',\n                ''status'' => ''1'',\n                ''item_id'' => NULL,\n                ''depth'' => 3,\n                ''children'' => \n                array (\n                ),\n              ),\n              46 => \n              array (\n                ''category_id'' => ''46'',\n                ''parent_id'' => ''19'',\n                ''name'' => ''留学法国'',\n                ''description'' => NULL,\n                ''keywords'' => NULL,\n                ''order_id'' => ''0'',\n                ''item_count'' => ''0'',\n                ''status'' => ''1'',\n                ''item_id'' => NULL,\n                ''depth'' => 3,\n                ''children'' => \n                array (\n                ),\n              ),\n              47 => \n              array (\n                ''category_id'' => ''47'',\n                ''parent_id'' => ''19'',\n                ''name'' => ''留学美国'',\n                ''description'' => NULL,\n                ''keywords'' => NULL,\n                ''order_id'' => ''0'',\n                ''item_count'' => ''0'',\n                ''status'' => ''1'',\n                ''item_id'' => NULL,\n                ''depth'' => 3,\n                ''children'' => \n                array (\n                ),\n              ),\n            ),\n          ),\n          20 => \n          array (\n            ''category_id'' => ''20'',\n            ''parent_id'' => ''15'',\n            ''name'' => ''国际本科'',\n            ''description'' => NULL,\n            ''keywords'' => NULL,\n            ''order_id'' => ''0'',\n            ''item_count'' => ''0'',\n            ''status'' => ''1'',\n            ''item_id'' => NULL,\n            ''depth'' => 2,\n            ''children'' => \n            array (\n              48 => \n              array (\n                ''category_id'' => ''48'',\n                ''parent_id'' => ''20'',\n                ''name'' => ''留学美国'',\n                ''description'' => NULL,\n                ''keywords'' => NULL,\n                ''order_id'' => ''0'',\n                ''item_count'' => ''0'',\n                ''status'' => ''1'',\n                ''item_id'' => NULL,\n                ''depth'' => 3,\n                ''children'' => \n                array (\n                ),\n              ),\n              49 => \n              array (\n                ''category_id'' => ''49'',\n                ''parent_id'' => ''20'',\n                ''name'' => ''留学欧洲'',\n                ''description'' => NULL,\n                ''keywords'' => NULL,\n                ''order_id'' => ''0'',\n                ''item_count'' => ''0'',\n                ''status'' => ''1'',\n                ''item_id'' => NULL,\n                ''depth'' => 3,\n                ''children'' => \n                array (\n                ),\n              ),\n            ),\n          ),\n          21 => \n          array (\n            ''category_id'' => ''21'',\n            ''parent_id'' => ''15'',\n            ''name'' => ''硕士项目'',\n            ''description'' => NULL,\n            ''keywords'' => NULL,\n            ''order_id'' => ''0'',\n            ''item_count'' => ''0'',\n            ''status'' => ''1'',\n            ''item_id'' => NULL,\n            ''depth'' => 2,\n            ''children'' => \n            array (\n              50 => \n              array (\n                ''category_id'' => ''50'',\n                ''parent_id'' => ''21'',\n                ''name'' => ''美国硕士'',\n                ''description'' => NULL,\n                ''keywords'' => NULL,\n                ''order_id'' => ''0'',\n                ''item_count'' => ''0'',\n                ''status'' => ''1'',\n                ''item_id'' => NULL,\n                ''depth'' => 3,\n                ''children'' => \n                array (\n                ),\n              ),\n              51 => \n              array (\n                ''category_id'' => ''51'',\n                ''parent_id'' => ''21'',\n                ''name'' => ''日本硕士'',\n                ''description'' => NULL,\n                ''keywords'' => NULL,\n                ''order_id'' => ''0'',\n                ''item_count'' => ''0'',\n                ''status'' => ''1'',\n                ''item_id'' => NULL,\n                ''depth'' => 3,\n                ''children'' => \n                array (\n                ),\n              ),\n              52 => \n              array (\n                ''category_id'' => ''52'',\n                ''parent_id'' => ''21'',\n                ''name'' => ''英国硕士'',\n                ''description'' => NULL,\n                ''keywords'' => NULL,\n                ''order_id'' => ''0'',\n                ''item_count'' => ''0'',\n                ''status'' => ''1'',\n                ''item_id'' => NULL,\n                ''depth'' => 3,\n                ''children'' => \n                array (\n                ),\n              ),\n            ),\n          ),\n          61 => \n          array (\n            ''category_id'' => ''61'',\n            ''parent_id'' => ''15'',\n            ''name'' => ''来华留学'',\n            ''description'' => NULL,\n            ''keywords'' => NULL,\n            ''order_id'' => ''0'',\n            ''item_count'' => ''0'',\n            ''status'' => ''1'',\n            ''item_id'' => NULL,\n            ''depth'' => 2,\n            ''children'' => \n            array (\n            ),\n          ),\n        ),\n      ),\n      16 => \n      array (\n        ''category_id'' => ''16'',\n        ''parent_id'' => ''4'',\n        ''name'' => ''国内学生申请'',\n        ''description'' => NULL,\n        ''keywords'' => NULL,\n        ''order_id'' => ''0'',\n        ''item_count'' => ''0'',\n        ''status'' => ''1'',\n        ''item_id'' => NULL,\n        ''depth'' => 1,\n        ''children'' => \n        array (\n        ),\n      ),\n      17 => \n      array (\n        ''category_id'' => ''17'',\n        ''parent_id'' => ''4'',\n        ''name'' => ''国际学生申请'',\n        ''description'' => NULL,\n        ''keywords'' => NULL,\n        ''order_id'' => ''0'',\n        ''item_count'' => ''0'',\n        ''status'' => ''1'',\n        ''item_id'' => NULL,\n        ''depth'' => 1,\n        ''children'' => \n        array (\n          28 => \n          array (\n            ''category_id'' => ''28'',\n            ''parent_id'' => ''17'',\n            ''name'' => ''在线申请'',\n            ''description'' => NULL,\n            ''keywords'' => NULL,\n            ''order_id'' => ''0'',\n            ''item_count'' => ''0'',\n            ''status'' => ''1'',\n            ''item_id'' => NULL,\n            ''depth'' => 2,\n            ''children'' => \n            array (\n            ),\n          ),\n        ),\n      ),\n      18 => \n      array (\n        ''category_id'' => ''18'',\n        ''parent_id'' => ''4'',\n        ''name'' => ''FAQ'',\n        ''description'' => NULL,\n        ''keywords'' => NULL,\n        ''order_id'' => ''0'',\n        ''item_count'' => ''0'',\n        ''status'' => ''1'',\n        ''item_id'' => NULL,\n        ''depth'' => 1,\n        ''children'' => \n        array (\n        ),\n      ),\n    ),\n  ),\n  7 => \n  array (\n    ''category_id'' => ''7'',\n    ''parent_id'' => ''0'',\n    ''name'' => ''相关视频'',\n    ''description'' => NULL,\n    ''keywords'' => NULL,\n    ''order_id'' => ''5'',\n    ''item_count'' => ''0'',\n    ''status'' => ''1'',\n    ''item_id'' => NULL,\n    ''depth'' => 0,\n    ''children'' => \n    array (\n    ),\n  ),\n  8 => \n  array (\n    ''category_id'' => ''8'',\n    ''parent_id'' => ''0'',\n    ''name'' => ''首页图片展示'',\n    ''description'' => NULL,\n    ''keywords'' => NULL,\n    ''order_id'' => ''3'',\n    ''item_count'' => ''0'',\n    ''status'' => ''1'',\n    ''item_id'' => NULL,\n    ''depth'' => 0,\n    ''children'' => \n    array (\n    ),\n  ),\n)', 0);
INSERT INTO `lz_cache` VALUES (206, '#admin/category/1/0/false', 1253196061, 30000000, 'array (\n  3 => \n  array (\n    ''category_id'' => ''3'',\n    ''parent_id'' => ''0'',\n    ''name'' => ''新闻中心'',\n    ''description'' => NULL,\n    ''keywords'' => NULL,\n    ''order_id'' => ''9'',\n    ''item_count'' => ''0'',\n    ''status'' => ''1'',\n    ''item_id'' => NULL,\n    ''depth'' => 0,\n    ''children'' => \n    array (\n      12 => \n      array (\n        ''category_id'' => ''12'',\n        ''parent_id'' => ''3'',\n        ''name'' => ''新闻动态'',\n        ''description'' => NULL,\n        ''keywords'' => NULL,\n        ''order_id'' => ''0'',\n        ''item_count'' => ''0'',\n        ''status'' => ''1'',\n        ''item_id'' => NULL,\n        ''depth'' => 1,\n        ''children'' => \n        array (\n        ),\n      ),\n      14 => \n      array (\n        ''category_id'' => ''14'',\n        ''parent_id'' => ''3'',\n        ''name'' => ''信息公告'',\n        ''description'' => NULL,\n        ''keywords'' => NULL,\n        ''order_id'' => ''0'',\n        ''item_count'' => ''0'',\n        ''status'' => ''1'',\n        ''item_id'' => NULL,\n        ''depth'' => 1,\n        ''children'' => \n        array (\n        ),\n      ),\n      44 => \n      array (\n        ''category_id'' => ''44'',\n        ''parent_id'' => ''3'',\n        ''name'' => ''项目导航'',\n        ''description'' => NULL,\n        ''keywords'' => NULL,\n        ''order_id'' => ''0'',\n        ''item_count'' => ''0'',\n        ''status'' => ''1'',\n        ''item_id'' => NULL,\n        ''depth'' => 1,\n        ''children'' => \n        array (\n        ),\n      ),\n    ),\n  ),\n  4 => \n  array (\n    ''category_id'' => ''4'',\n    ''parent_id'' => ''0'',\n    ''name'' => ''项目介绍'',\n    ''description'' => NULL,\n    ''keywords'' => NULL,\n    ''order_id'' => ''7'',\n    ''item_count'' => ''0'',\n    ''status'' => ''1'',\n    ''item_id'' => NULL,\n    ''depth'' => 0,\n    ''children'' => \n    array (\n      15 => \n      array (\n        ''category_id'' => ''15'',\n        ''parent_id'' => ''4'',\n        ''name'' => ''项目分类'',\n        ''description'' => NULL,\n        ''keywords'' => NULL,\n        ''order_id'' => ''0'',\n        ''item_count'' => ''0'',\n        ''status'' => ''1'',\n        ''item_id'' => NULL,\n        ''depth'' => 1,\n        ''children'' => \n        array (\n          19 => \n          array (\n            ''category_id'' => ''19'',\n            ''parent_id'' => ''15'',\n            ''name'' => ''留学预科'',\n            ''description'' => NULL,\n            ''keywords'' => NULL,\n            ''order_id'' => ''0'',\n            ''item_count'' => ''0'',\n            ''status'' => ''1'',\n            ''item_id'' => NULL,\n            ''depth'' => 2,\n            ''children'' => \n            array (\n              45 => \n              array (\n                ''category_id'' => ''45'',\n                ''parent_id'' => ''19'',\n                ''name'' => ''留学意大利'',\n                ''description'' => NULL,\n                ''keywords'' => NULL,\n                ''order_id'' => ''0'',\n                ''item_count'' => ''0'',\n                ''status'' => ''1'',\n                ''item_id'' => NULL,\n                ''depth'' => 3,\n                ''children'' => \n                array (\n                ),\n              ),\n              46 => \n              array (\n                ''category_id'' => ''46'',\n                ''parent_id'' => ''19'',\n                ''name'' => ''留学法国'',\n                ''description'' => NULL,\n                ''keywords'' => NULL,\n                ''order_id'' => ''0'',\n                ''item_count'' => ''0'',\n                ''status'' => ''1'',\n                ''item_id'' => NULL,\n                ''depth'' => 3,\n                ''children'' => \n                array (\n                ),\n              ),\n              47 => \n              array (\n                ''category_id'' => ''47'',\n                ''parent_id'' => ''19'',\n                ''name'' => ''留学美国'',\n                ''description'' => NULL,\n                ''keywords'' => NULL,\n                ''order_id'' => ''0'',\n                ''item_count'' => ''0'',\n                ''status'' => ''1'',\n                ''item_id'' => NULL,\n                ''depth'' => 3,\n                ''children'' => \n                array (\n                ),\n              ),\n            ),\n          ),\n          20 => \n          array (\n            ''category_id'' => ''20'',\n            ''parent_id'' => ''15'',\n            ''name'' => ''国际本科'',\n            ''description'' => NULL,\n            ''keywords'' => NULL,\n            ''order_id'' => ''0'',\n            ''item_count'' => ''0'',\n            ''status'' => ''1'',\n            ''item_id'' => NULL,\n            ''depth'' => 2,\n            ''children'' => \n            array (\n              48 => \n              array (\n                ''category_id'' => ''48'',\n                ''parent_id'' => ''20'',\n                ''name'' => ''留学美国'',\n                ''description'' => NULL,\n                ''keywords'' => NULL,\n                ''order_id'' => ''0'',\n                ''item_count'' => ''0'',\n                ''status'' => ''1'',\n                ''item_id'' => NULL,\n                ''depth'' => 3,\n                ''children'' => \n                array (\n                ),\n              ),\n              49 => \n              array (\n                ''category_id'' => ''49'',\n                ''parent_id'' => ''20'',\n                ''name'' => ''留学欧洲'',\n                ''description'' => NULL,\n                ''keywords'' => NULL,\n                ''order_id'' => ''0'',\n                ''item_count'' => ''0'',\n                ''status'' => ''1'',\n                ''item_id'' => NULL,\n                ''depth'' => 3,\n                ''children'' => \n                array (\n                ),\n              ),\n            ),\n          ),\n          21 => \n          array (\n            ''category_id'' => ''21'',\n            ''parent_id'' => ''15'',\n            ''name'' => ''硕士项目'',\n            ''description'' => NULL,\n            ''keywords'' => NULL,\n            ''order_id'' => ''0'',\n            ''item_count'' => ''0'',\n            ''status'' => ''1'',\n            ''item_id'' => NULL,\n            ''depth'' => 2,\n            ''children'' => \n            array (\n              50 => \n              array (\n                ''category_id'' => ''50'',\n                ''parent_id'' => ''21'',\n                ''name'' => ''美国硕士'',\n                ''description'' => NULL,\n                ''keywords'' => NULL,\n                ''order_id'' => ''0'',\n                ''item_count'' => ''0'',\n                ''status'' => ''1'',\n                ''item_id'' => NULL,\n                ''depth'' => 3,\n                ''children'' => \n                array (\n                ),\n              ),\n              51 => \n              array (\n                ''category_id'' => ''51'',\n                ''parent_id'' => ''21'',\n                ''name'' => ''日本硕士'',\n                ''description'' => NULL,\n                ''keywords'' => NULL,\n                ''order_id'' => ''0'',\n                ''item_count'' => ''0'',\n                ''status'' => ''1'',\n                ''item_id'' => NULL,\n                ''depth'' => 3,\n                ''children'' => \n                array (\n                ),\n              ),\n              52 => \n              array (\n                ''category_id'' => ''52'',\n                ''parent_id'' => ''21'',\n                ''name'' => ''英国硕士'',\n                ''description'' => NULL,\n                ''keywords'' => NULL,\n                ''order_id'' => ''0'',\n                ''item_count'' => ''0'',\n                ''status'' => ''1'',\n                ''item_id'' => NULL,\n                ''depth'' => 3,\n                ''children'' => \n                array (\n                ),\n              ),\n            ),\n          ),\n          61 => \n          array (\n            ''category_id'' => ''61'',\n            ''parent_id'' => ''15'',\n            ''name'' => ''来华留学'',\n            ''description'' => NULL,\n            ''keywords'' => NULL,\n            ''order_id'' => ''0'',\n            ''item_count'' => ''0'',\n            ''status'' => ''1'',\n            ''item_id'' => NULL,\n            ''depth'' => 2,\n            ''children'' => \n            array (\n            ),\n          ),\n        ),\n      ),\n      16 => \n      array (\n        ''category_id'' => ''16'',\n        ''parent_id'' => ''4'',\n        ''name'' => ''国内学生申请'',\n        ''description'' => NULL,\n        ''keywords'' => NULL,\n        ''order_id'' => ''0'',\n        ''item_count'' => ''0'',\n        ''status'' => ''1'',\n        ''item_id'' => NULL,\n        ''depth'' => 1,\n        ''children'' => \n        array (\n          22 => \n          array (\n            ''category_id'' => ''22'',\n            ''parent_id'' => ''16'',\n            ''name'' => ''申请流程及准备'',\n            ''description'' => NULL,\n            ''keywords'' => NULL,\n            ''order_id'' => ''0'',\n            ''item_count'' => ''0'',\n            ''status'' => ''2'',\n            ''item_id'' => ''32'',\n            ''depth'' => 2,\n            ''children'' => \n            array (\n            ),\n          ),\n          23 => \n          array (\n            ''category_id'' => ''23'',\n            ''parent_id'' => ''16'',\n            ''name'' => ''学费及住宿标准'',\n            ''description'' => NULL,\n            ''keywords'' => NULL,\n            ''order_id'' => ''0'',\n            ''item_count'' => ''0'',\n            ''status'' => ''2'',\n            ''item_id'' => ''33'',\n            ''depth'' => 2,\n            ''children'' => \n            array (\n            ),\n          ),\n          24 => \n          array (\n            ''category_id'' => ''24'',\n            ''parent_id'' => ''16'',\n            ''name'' => ''在线申请'',\n            ''description'' => NULL,\n            ''keywords'' => NULL,\n            ''order_id'' => ''0'',\n            ''item_count'' => ''0'',\n            ''status'' => ''2'',\n            ''item_id'' => ''93'',\n            ''depth'' => 2,\n            ''children'' => \n            array (\n            ),\n          ),\n        ),\n      ),\n      17 => \n      array (\n        ''category_id'' => ''17'',\n        ''parent_id'' => ''4'',\n        ''name'' => ''国际学生申请'',\n        ''description'' => NULL,\n        ''keywords'' => NULL,\n        ''order_id'' => ''0'',\n        ''item_count'' => ''0'',\n        ''status'' => ''1'',\n        ''item_id'' => NULL,\n        ''depth'' => 1,\n        ''children'' => \n        array (\n          25 => \n          array (\n            ''category_id'' => ''25'',\n            ''parent_id'' => ''17'',\n            ''name'' => ''申请流程及准备'',\n            ''description'' => NULL,\n            ''keywords'' => NULL,\n            ''order_id'' => ''0'',\n            ''item_count'' => ''0'',\n            ''status'' => ''2'',\n            ''item_id'' => ''35'',\n            ''depth'' => 2,\n            ''children'' => \n            array (\n            ),\n          ),\n          26 => \n          array (\n            ''category_id'' => ''26'',\n            ''parent_id'' => ''17'',\n            ''name'' => ''学费及住宿标准'',\n            ''description'' => NULL,\n            ''keywords'' => NULL,\n            ''order_id'' => ''0'',\n            ''item_count'' => ''0'',\n            ''status'' => ''2'',\n            ''item_id'' => ''44'',\n            ''depth'' => 2,\n            ''children'' => \n            array (\n            ),\n          ),\n          27 => \n          array (\n            ''category_id'' => ''27'',\n            ''parent_id'' => ''17'',\n            ''name'' => ''学制'',\n            ''description'' => NULL,\n            ''keywords'' => NULL,\n            ''order_id'' => ''0'',\n            ''item_count'' => ''0'',\n            ''status'' => ''2'',\n            ''item_id'' => ''43'',\n            ''depth'' => 2,\n            ''children'' => \n            array (\n            ),\n          ),\n          28 => \n          array (\n            ''category_id'' => ''28'',\n            ''parent_id'' => ''17'',\n            ''name'' => ''在线申请'',\n            ''description'' => NULL,\n            ''keywords'' => NULL,\n            ''order_id'' => ''0'',\n            ''item_count'' => ''0'',\n            ''status'' => ''1'',\n            ''item_id'' => NULL,\n            ''depth'' => 2,\n            ''children'' => \n            array (\n            ),\n          ),\n        ),\n      ),\n      18 => \n      array (\n        ''category_id'' => ''18'',\n        ''parent_id'' => ''4'',\n        ''name'' => ''FAQ'',\n        ''description'' => NULL,\n        ''keywords'' => NULL,\n        ''order_id'' => ''0'',\n        ''item_count'' => ''0'',\n        ''status'' => ''1'',\n        ''item_id'' => NULL,\n        ''depth'' => 1,\n        ''children'' => \n        array (\n        ),\n      ),\n    ),\n  ),\n  7 => \n  array (\n    ''category_id'' => ''7'',\n    ''parent_id'' => ''0'',\n    ''name'' => ''相关视频'',\n    ''description'' => NULL,\n    ''keywords'' => NULL,\n    ''order_id'' => ''5'',\n    ''item_count'' => ''0'',\n    ''status'' => ''1'',\n    ''item_id'' => NULL,\n    ''depth'' => 0,\n    ''children'' => \n    array (\n    ),\n  ),\n  8 => \n  array (\n    ''category_id'' => ''8'',\n    ''parent_id'' => ''0'',\n    ''name'' => ''首页图片展示'',\n    ''description'' => NULL,\n    ''keywords'' => NULL,\n    ''order_id'' => ''3'',\n    ''item_count'' => ''0'',\n    ''status'' => ''1'',\n    ''item_id'' => NULL,\n    ''depth'' => 0,\n    ''children'' => \n    array (\n    ),\n  ),\n  9 => \n  array (\n    ''category_id'' => ''9'',\n    ''parent_id'' => ''0'',\n    ''name'' => ''概览'',\n    ''description'' => NULL,\n    ''keywords'' => NULL,\n    ''order_id'' => ''2'',\n    ''item_count'' => ''0'',\n    ''status'' => ''2'',\n    ''item_id'' => ''47'',\n    ''depth'' => 0,\n    ''children'' => \n    array (\n      10 => \n      array (\n        ''category_id'' => ''10'',\n        ''parent_id'' => ''9'',\n        ''name'' => ''学校介绍'',\n        ''description'' => NULL,\n        ''keywords'' => NULL,\n        ''order_id'' => ''0'',\n        ''item_count'' => ''0'',\n        ''status'' => ''2'',\n        ''item_id'' => ''4'',\n        ''depth'' => 1,\n        ''children'' => \n        array (\n        ),\n      ),\n      11 => \n      array (\n        ''category_id'' => ''11'',\n        ''parent_id'' => ''9'',\n        ''name'' => ''学院介绍'',\n        ''description'' => NULL,\n        ''keywords'' => NULL,\n        ''order_id'' => ''0'',\n        ''item_count'' => ''0'',\n        ''status'' => ''2'',\n        ''item_id'' => ''3'',\n        ''depth'' => 1,\n        ''children'' => \n        array (\n        ),\n      ),\n    ),\n  ),\n  6 => \n  array (\n    ''category_id'' => ''6'',\n    ''parent_id'' => ''0'',\n    ''name'' => ''走进成都'',\n    ''description'' => NULL,\n    ''keywords'' => NULL,\n    ''order_id'' => ''1'',\n    ''item_count'' => ''0'',\n    ''status'' => ''2'',\n    ''item_id'' => ''37'',\n    ''depth'' => 0,\n    ''children'' => \n    array (\n      58 => \n      array (\n        ''category_id'' => ''58'',\n        ''parent_id'' => ''6'',\n        ''name'' => ''驻外领事'',\n        ''description'' => NULL,\n        ''keywords'' => NULL,\n        ''order_id'' => ''0'',\n        ''item_count'' => ''0'',\n        ''status'' => ''2'',\n        ''item_id'' => ''42'',\n        ''depth'' => 1,\n        ''children'' => \n        array (\n        ),\n      ),\n      54 => \n      array (\n        ''category_id'' => ''54'',\n        ''parent_id'' => ''6'',\n        ''name'' => ''成都历史'',\n        ''description'' => NULL,\n        ''keywords'' => NULL,\n        ''order_id'' => ''0'',\n        ''item_count'' => ''0'',\n        ''status'' => ''2'',\n        ''item_id'' => ''38'',\n        ''depth'' => 1,\n        ''children'' => \n        array (\n        ),\n      ),\n      40 => \n      array (\n        ''category_id'' => ''40'',\n        ''parent_id'' => ''6'',\n        ''name'' => ''四川风情'',\n        ''description'' => NULL,\n        ''keywords'' => NULL,\n        ''order_id'' => ''0'',\n        ''item_count'' => ''0'',\n        ''status'' => ''2'',\n        ''item_id'' => ''57'',\n        ''depth'' => 1,\n        ''children'' => \n        array (\n        ),\n      ),\n      41 => \n      array (\n        ''category_id'' => ''41'',\n        ''parent_id'' => ''6'',\n        ''name'' => ''四川名胜'',\n        ''description'' => NULL,\n        ''keywords'' => NULL,\n        ''order_id'' => ''0'',\n        ''item_count'' => ''0'',\n        ''status'' => ''2'',\n        ''item_id'' => ''58'',\n        ''depth'' => 1,\n        ''children'' => \n        array (\n        ),\n      ),\n      53 => \n      array (\n        ''category_id'' => ''53'',\n        ''parent_id'' => ''6'',\n        ''name'' => ''成都地理特征'',\n        ''description'' => NULL,\n        ''keywords'' => NULL,\n        ''order_id'' => ''0'',\n        ''item_count'' => ''0'',\n        ''status'' => ''2'',\n        ''item_id'' => ''39'',\n        ''depth'' => 1,\n        ''children'' => \n        array (\n        ),\n      ),\n      56 => \n      array (\n        ''category_id'' => ''56'',\n        ''parent_id'' => ''6'',\n        ''name'' => ''风土人情'',\n        ''description'' => NULL,\n        ''keywords'' => NULL,\n        ''order_id'' => ''0'',\n        ''item_count'' => ''0'',\n        ''status'' => ''2'',\n        ''item_id'' => ''41'',\n        ''depth'' => 1,\n        ''children'' => \n        array (\n        ),\n      ),\n    ),\n  ),\n  5 => \n  array (\n    ''category_id'' => ''5'',\n    ''parent_id'' => ''0'',\n    ''name'' => ''学生服务'',\n    ''description'' => NULL,\n    ''keywords'' => NULL,\n    ''order_id'' => ''0'',\n    ''item_count'' => ''0'',\n    ''status'' => ''2'',\n    ''item_id'' => ''50'',\n    ''depth'' => 0,\n    ''children'' => \n    array (\n      29 => \n      array (\n        ''category_id'' => ''29'',\n        ''parent_id'' => ''5'',\n        ''name'' => ''住宿'',\n        ''description'' => NULL,\n        ''keywords'' => NULL,\n        ''order_id'' => ''0'',\n        ''item_count'' => ''0'',\n        ''status'' => ''2'',\n        ''item_id'' => ''56'',\n        ''depth'' => 1,\n        ''children'' => \n        array (\n        ),\n      ),\n      30 => \n      array (\n        ''category_id'' => ''30'',\n        ''parent_id'' => ''5'',\n        ''name'' => ''地图'',\n        ''description'' => NULL,\n        ''keywords'' => NULL,\n        ''order_id'' => ''0'',\n        ''item_count'' => ''0'',\n        ''status'' => ''2'',\n        ''item_id'' => ''51'',\n        ''depth'' => 1,\n        ''children'' => \n        array (\n        ),\n      ),\n      31 => \n      array (\n        ''category_id'' => ''31'',\n        ''parent_id'' => ''5'',\n        ''name'' => ''餐厅'',\n        ''description'' => NULL,\n        ''keywords'' => NULL,\n        ''order_id'' => ''0'',\n        ''item_count'' => ''0'',\n        ''status'' => ''2'',\n        ''item_id'' => ''55'',\n        ''depth'' => 1,\n        ''children'' => \n        array (\n        ),\n      ),\n      32 => \n      array (\n        ''category_id'' => ''32'',\n        ''parent_id'' => ''5'',\n        ''name'' => ''图书馆'',\n        ''description'' => '''',\n        ''keywords'' => NULL,\n        ''order_id'' => ''0'',\n        ''item_count'' => ''0'',\n        ''status'' => ''2'',\n        ''item_id'' => ''52'',\n        ''depth'' => 1,\n        ''children'' => \n        array (\n        ),\n      ),\n      33 => \n      array (\n        ''category_id'' => ''33'',\n        ''parent_id'' => ''5'',\n        ''name'' => ''周边环境'',\n        ''description'' => NULL,\n        ''keywords'' => NULL,\n        ''order_id'' => ''0'',\n        ''item_count'' => ''0'',\n        ''status'' => ''2'',\n        ''item_id'' => ''53'',\n        ''depth'' => 1,\n        ''children'' => \n        array (\n        ),\n      ),\n      34 => \n      array (\n        ''category_id'' => ''34'',\n        ''parent_id'' => ''5'',\n        ''name'' => ''学生园地'',\n        ''description'' => NULL,\n        ''keywords'' => NULL,\n        ''order_id'' => ''0'',\n        ''item_count'' => ''0'',\n        ''status'' => ''2'',\n        ''item_id'' => ''54'',\n        ''depth'' => 1,\n        ''children'' => \n        array (\n        ),\n      ),\n    ),\n  ),\n  59 => \n  array (\n    ''category_id'' => ''59'',\n    ''parent_id'' => ''0'',\n    ''name'' => ''其他内容'',\n    ''description'' => NULL,\n    ''keywords'' => NULL,\n    ''order_id'' => ''0'',\n    ''item_count'' => ''0'',\n    ''status'' => ''2'',\n    ''item_id'' => ''48'',\n    ''depth'' => 0,\n    ''children'' => \n    array (\n      60 => \n      array (\n        ''category_id'' => ''60'',\n        ''parent_id'' => ''59'',\n        ''name'' => ''页面底部信息'',\n        ''description'' => NULL,\n        ''keywords'' => NULL,\n        ''order_id'' => ''0'',\n        ''item_count'' => ''0'',\n        ''status'' => ''2'',\n        ''item_id'' => ''49'',\n        ''depth'' => 1,\n        ''children'' => \n        array (\n        ),\n      ),\n    ),\n  ),\n)', 0);
INSERT INTO `lz_cache` VALUES (205, '#admin/category/1/16/false', 1253195945, 30000000, 'array (\n  22 => \n  array (\n    ''category_id'' => ''22'',\n    ''parent_id'' => ''16'',\n    ''name'' => ''申请流程及准备'',\n    ''description'' => NULL,\n    ''keywords'' => NULL,\n    ''order_id'' => ''0'',\n    ''item_count'' => ''0'',\n    ''status'' => ''2'',\n    ''item_id'' => ''32'',\n    ''depth'' => 0,\n    ''children'' => \n    array (\n    ),\n  ),\n  23 => \n  array (\n    ''category_id'' => ''23'',\n    ''parent_id'' => ''16'',\n    ''name'' => ''学费及住宿标准'',\n    ''description'' => NULL,\n    ''keywords'' => NULL,\n    ''order_id'' => ''0'',\n    ''item_count'' => ''0'',\n    ''status'' => ''2'',\n    ''item_id'' => ''33'',\n    ''depth'' => 0,\n    ''children'' => \n    array (\n    ),\n  ),\n  24 => \n  array (\n    ''category_id'' => ''24'',\n    ''parent_id'' => ''16'',\n    ''name'' => ''在线申请'',\n    ''description'' => NULL,\n    ''keywords'' => NULL,\n    ''order_id'' => ''0'',\n    ''item_count'' => ''0'',\n    ''status'' => ''2'',\n    ''item_id'' => ''93'',\n    ''depth'' => 0,\n    ''children'' => \n    array (\n    ),\n  ),\n)', 0);
INSERT INTO `lz_cache` VALUES (204, '#admin/category/1/24/false', 1253195945, 30000000, 'array (\n)', 0);

-- --------------------------------------------------------

-- 
-- 表的结构 `lz_category`
-- 

CREATE TABLE `lz_category` (
  `category_id` int(10) unsigned NOT NULL auto_increment,
  `parent_id` int(10) unsigned NOT NULL default '0',
  `name` varchar(250) collate utf8_unicode_ci NOT NULL,
  `description` text collate utf8_unicode_ci,
  `keywords` varchar(250) collate utf8_unicode_ci default NULL,
  `order_id` int(11) NOT NULL default '0',
  `item_count` int(10) unsigned NOT NULL default '0',
  `status` tinyint(4) NOT NULL default '1',
  `item_id` int(10) unsigned default NULL,
  UNIQUE KEY `category_id` (`category_id`)
) ENGINE=MyISAM  DEFAULT CHARSET=utf8 COLLATE=utf8_unicode_ci AUTO_INCREMENT=63 ;

-- 
-- 导出表中的数据 `lz_category`
-- 

INSERT INTO `lz_category` VALUES (10, 9, '学校介绍', NULL, NULL, 0, 0, 2, 4);
INSERT INTO `lz_category` VALUES (4, 0, '项目介绍', NULL, NULL, 7, 0, 1, NULL);
INSERT INTO `lz_category` VALUES (3, 0, '新闻中心', NULL, NULL, 9, 0, 1, NULL);
INSERT INTO `lz_category` VALUES (5, 0, '学生服务', NULL, NULL, 0, 0, 2, 50);
INSERT INTO `lz_category` VALUES (6, 0, '走进成都', NULL, NULL, 1, 0, 2, 37);
INSERT INTO `lz_category` VALUES (7, 0, '相关视频', NULL, NULL, 5, 0, 1, NULL);
INSERT INTO `lz_category` VALUES (8, 0, '首页图片展示', NULL, NULL, 3, 0, 1, NULL);
INSERT INTO `lz_category` VALUES (9, 0, '概览', NULL, NULL, 2, 0, 2, 47);
INSERT INTO `lz_category` VALUES (11, 9, '学院介绍', NULL, NULL, 0, 0, 2, 3);
INSERT INTO `lz_category` VALUES (12, 3, '新闻动态', NULL, NULL, 0, 0, 1, NULL);
INSERT INTO `lz_category` VALUES (14, 3, '信息公告', NULL, NULL, 0, 0, 1, NULL);
INSERT INTO `lz_category` VALUES (15, 4, '项目分类', NULL, NULL, 0, 0, 1, NULL);
INSERT INTO `lz_category` VALUES (16, 4, '国内学生申请', NULL, NULL, 0, 0, 1, NULL);
INSERT INTO `lz_category` VALUES (17, 4, '国际学生申请', NULL, NULL, 0, 0, 1, NULL);
INSERT INTO `lz_category` VALUES (18, 4, 'FAQ', NULL, NULL, 0, 0, 1, NULL);
INSERT INTO `lz_category` VALUES (19, 15, '留学预科', NULL, NULL, 0, 0, 1, NULL);
INSERT INTO `lz_category` VALUES (20, 15, '国际本科', NULL, NULL, 0, 0, 1, NULL);
INSERT INTO `lz_category` VALUES (21, 15, '硕士项目', NULL, NULL, 0, 0, 1, NULL);
INSERT INTO `lz_category` VALUES (22, 16, '申请流程及准备', NULL, NULL, 0, 0, 2, 32);
INSERT INTO `lz_category` VALUES (23, 16, '学费及住宿标准', NULL, NULL, 0, 0, 2, 33);
INSERT INTO `lz_category` VALUES (24, 16, '在线申请', NULL, NULL, 0, 0, 2, 93);
INSERT INTO `lz_category` VALUES (25, 17, '申请流程及准备', NULL, NULL, 0, 0, 2, 35);
INSERT INTO `lz_category` VALUES (26, 17, '学费及住宿标准', NULL, NULL, 0, 0, 2, 44);
INSERT INTO `lz_category` VALUES (27, 17, '学制', NULL, NULL, 0, 0, 2, 43);
INSERT INTO `lz_category` VALUES (28, 17, '在线申请', NULL, NULL, 0, 0, 1, NULL);
INSERT INTO `lz_category` VALUES (29, 5, '住宿', NULL, NULL, 0, 0, 2, 56);
INSERT INTO `lz_category` VALUES (30, 5, '地图', NULL, NULL, 0, 0, 2, 51);
INSERT INTO `lz_category` VALUES (31, 5, '餐厅', NULL, NULL, 0, 0, 2, 55);
INSERT INTO `lz_category` VALUES (32, 5, '图书馆', '', NULL, 0, 0, 2, 52);
INSERT INTO `lz_category` VALUES (33, 5, '周边环境', NULL, NULL, 0, 0, 2, 53);
INSERT INTO `lz_category` VALUES (34, 5, '学生园地', NULL, NULL, 0, 0, 2, 54);
INSERT INTO `lz_category` VALUES (58, 6, '驻外领事', NULL, NULL, 0, 0, 2, 42);
INSERT INTO `lz_category` VALUES (54, 6, '成都历史', NULL, NULL, 0, 0, 2, 38);
INSERT INTO `lz_category` VALUES (40, 6, '四川风情', NULL, NULL, 0, 0, 2, 57);
INSERT INTO `lz_category` VALUES (41, 6, '四川名胜', NULL, NULL, 0, 0, 2, 58);
INSERT INTO `lz_category` VALUES (42, 36, '民间艺术', NULL, NULL, 0, 0, 2, 11);
INSERT INTO `lz_category` VALUES (43, 36, '工艺品', NULL, NULL, 0, 0, 2, 10);
INSERT INTO `lz_category` VALUES (53, 6, '成都地理特征', NULL, NULL, 0, 0, 2, 39);
INSERT INTO `lz_category` VALUES (56, 6, '风土人情', NULL, NULL, 0, 0, 2, 41);
INSERT INTO `lz_category` VALUES (44, 3, '项目导航', NULL, NULL, 0, 0, 1, NULL);
INSERT INTO `lz_category` VALUES (45, 19, '留学意大利', NULL, NULL, 0, 0, 1, NULL);
INSERT INTO `lz_category` VALUES (46, 19, '留学法国', NULL, NULL, 0, 0, 1, NULL);
INSERT INTO `lz_category` VALUES (47, 19, '留学美国', NULL, NULL, 0, 0, 1, NULL);
INSERT INTO `lz_category` VALUES (48, 20, '留学美国', NULL, NULL, 0, 0, 1, NULL);
INSERT INTO `lz_category` VALUES (49, 20, '留学欧洲', NULL, NULL, 0, 0, 1, NULL);
INSERT INTO `lz_category` VALUES (50, 21, '美国硕士', NULL, NULL, 0, 0, 1, NULL);
INSERT INTO `lz_category` VALUES (51, 21, '日本硕士', NULL, NULL, 0, 0, 1, NULL);
INSERT INTO `lz_category` VALUES (52, 21, '英国硕士', NULL, NULL, 0, 0, 1, NULL);
INSERT INTO `lz_category` VALUES (59, 0, '其他内容', NULL, NULL, 0, 0, 2, 48);
INSERT INTO `lz_category` VALUES (60, 59, '页面底部信息', NULL, NULL, 0, 0, 2, 49);
INSERT INTO `lz_category` VALUES (61, 15, '来华留学', NULL, NULL, 0, 0, 1, NULL);

-- --------------------------------------------------------

-- 
-- 表的结构 `lz_comment`
-- 

CREATE TABLE `lz_comment` (
  `comment_id` int(10) unsigned NOT NULL auto_increment,
  `item_id` int(10) unsigned default NULL,
  `name` varchar(250) character set utf8 collate utf8_unicode_ci default NULL,
  `email` varchar(250) character set utf8 collate utf8_unicode_ci default NULL,
  `time` int(11) unsigned default NULL,
  `content` text character set utf8 collate utf8_unicode_ci,
  UNIQUE KEY `comment_id` (`comment_id`)
) ENGINE=InnoDB DEFAULT CHARSET=latin1 AUTO_INCREMENT=1 ;

-- 
-- 导出表中的数据 `lz_comment`
-- 


-- --------------------------------------------------------

-- 
-- 表的结构 `lz_config`
-- 

CREATE TABLE `lz_config` (
  `config_id` int(10) unsigned NOT NULL auto_increment,
  `name` varchar(200) collate utf8_unicode_ci NOT NULL,
  `type` varchar(100) collate utf8_unicode_ci default NULL,
  `value` text collate utf8_unicode_ci NOT NULL,
  `description` varchar(250) collate utf8_unicode_ci default NULL,
  `order_id` int(10) NOT NULL default '0',
  UNIQUE KEY `config_id` (`config_id`)
) ENGINE=InnoDB DEFAULT CHARSET=utf8 COLLATE=utf8_unicode_ci AUTO_INCREMENT=63 ;

-- 
-- 导出表中的数据 `lz_config`
-- 

INSERT INTO `lz_config` VALUES (51, 'site_name', 'text', '电子科技大学 研究生会', '网站主标题', 5);
INSERT INTO `lz_config` VALUES (53, 'max_image_width', 'text', '750', '新闻图片最大宽度(超过会自动缩小)', 0);
INSERT INTO `lz_config` VALUES (57, 'category_list_page_size', 'text', '10', '前台分类页面每页显示新闻条数', 0);
INSERT INTO `lz_config` VALUES (58, 'children_category_items_num', 'text', '5', '分类页面子分类新闻数', 0);
INSERT INTO `lz_config` VALUES (59, 'admin_item_page_size', 'text', '20', '后台新闻列表每页条数', 0);
INSERT INTO `lz_config` VALUES (61, 'upload_file_types', 'textarea', '图片:*.jpg;*.jpeg;*.gif;*.bmp;*.png;<br>文档：*.doc;*.docx; *.pdf; *.ppt; *.xls;*.txt;<br>压缩文件:*.zip;*.rar;*.7z;<br>影片:*.rm; *.rmvb;*.wmv; *.avi;', '允许上传附件类型', 0);
INSERT INTO `lz_config` VALUES (62, 'index_photo_change_time', 'text', '10', '首页大图滚动时间间隔（秒）', 4);

-- --------------------------------------------------------

-- 
-- 表的结构 `lz_guestbook`
-- 

CREATE TABLE `lz_guestbook` (
  `guestbook_id` int(10) unsigned NOT NULL auto_increment,
  `time` int(10) unsigned NOT NULL default '0',
  `name` varchar(200) character set utf8 collate utf8_unicode_ci default NULL,
  `user_id` int(10) unsigned default NULL,
  `email` varchar(200) character set utf8 collate utf8_unicode_ci default NULL,
  `content` mediumtext character set utf8 collate utf8_unicode_ci,
  `reply_date` int(11) unsigned NOT NULL default '0',
  `reply_content` mediumtext character set utf8 collate utf8_unicode_ci,
  `reply_user_id` int(10) unsigned default NULL,
  `status` tinyint(4) NOT NULL default '0',
  UNIQUE KEY `guestbook_id` (`guestbook_id`)
) ENGINE=InnoDB DEFAULT CHARSET=latin1 AUTO_INCREMENT=3 ;

-- 
-- 导出表中的数据 `lz_guestbook`
-- 

INSERT INTO `lz_guestbook` VALUES (1, 1253082053, '刘春龙', NULL, 'longbill.cn@gmail.com', '我晕哦', 0, '你好，请问你晕什么呢？', NULL, 1);
INSERT INTO `lz_guestbook` VALUES (2, 1253083256, '刘春龙', NULL, 'da', '啊？', 0, NULL, NULL, 1);

-- --------------------------------------------------------

-- 
-- 表的结构 `lz_item`
-- 

CREATE TABLE `lz_item` (
  `item_id` int(10) unsigned NOT NULL auto_increment,
  `category_id` int(10) unsigned default NULL,
  `update_time` int(10) unsigned default NULL,
  `update_user_id` int(10) unsigned default NULL,
  `publish_time` int(10) unsigned default NULL,
  `user_id` int(10) unsigned default NULL,
  `name` varchar(250) collate utf8_unicode_ci default NULL,
  `description` text collate utf8_unicode_ci,
  `view_count` int(10) unsigned NOT NULL default '1',
  `order_id` int(10) unsigned NOT NULL default '0',
  `keywords` varchar(250) collate utf8_unicode_ci default NULL,
  `author` varchar(100) collate utf8_unicode_ci default NULL,
  `has_pic` tinyint(4) default NULL,
  `pic_url` varchar(250) collate utf8_unicode_ci default NULL,
  `status` tinyint(4) NOT NULL default '0',
  UNIQUE KEY `entry_id` (`item_id`),
  KEY `name` (`name`)
) ENGINE=MyISAM  DEFAULT CHARSET=utf8 COLLATE=utf8_unicode_ci AUTO_INCREMENT=96 ;

-- 
-- 导出表中的数据 `lz_item`
-- 

INSERT INTO `lz_item` VALUES (3, 11, 1245114466, 3, 1243862880, NULL, '学院介绍', '<p>我在测试学院介绍！</p>', 103, 0, '我在测试学院介绍', '', 0, '', 3);
INSERT INTO `lz_item` VALUES (4, 10, 1252999012, 1, 1243862880, NULL, '学校介绍', '<p>&nbsp;&nbsp;&nbsp;&nbsp;&nbsp;&nbsp;&nbsp; 电子科技大学是教育部直属全国重点大学，坐落于&ldquo;天府之国&rdquo;四川的省会，西南经济、文化、交通中心&mdash;&mdash;成都市。校园内树木葱绿，四季花香，环境优雅，是读书治学的理想之地。电子科技大学原名成都电讯工程学院，是1956年在周恩来总理的亲自部署下，由交通大学、南京工学院（现东南大学）、华南工学院（现华南理工大学）的电子信息类学科合并创建而成。学校1960年被列为全国重点大学；1997年首批成为国家&ldquo;211工程&rdquo;重点建设大学；2001年，教育部、四川省人民政府签署重点共建电子科技大学的协议，学校进入了国家《面向21世纪教育振兴行动计划》建设国内外知名高水平研究型大学（国家&ldquo;985工程&rdquo;重点建设大学）的行列。</p>\r\n<p align="left">&nbsp;&nbsp;&nbsp;&nbsp;&nbsp;&nbsp;&nbsp;学校占地4000余亩，设有研究生院和13个学院（部），另有示范性软件学院、继续教育学院、职业技术学院和网络教育学院以及电子科技大学成都学院、电子科技大学中山学院两个独立学院。全校教职工3400余人，其中专任教师1900余人，教授325人，包括中国科学院、中国工程院院士6人，国务院学位委员会学科组委员4人，长江学者特聘教授、讲座教授18人，国家杰出青年科技基金获得者11人，国家自然科学基金委创新群体1个，教育部创新团队2个，以及国家有突出贡献的中青年专家、国家级教学名师奖获得者、全国优秀教师、全国师德先进个人等一批有突出贡献的专家。现有各类全日制在读学生25000余人，其中博士、硕士研究生近9000人。</p>\r\n<p align="left">&nbsp;&nbsp;&nbsp;&nbsp;&nbsp;&nbsp;&nbsp;经过50余年的建设，学校形成了从本科到硕士研究生、博士研究生等多层次、多类型的人才培养格局，成为一所完整覆盖整个电子类学科，以电子信息科学技术为核心，以工为主，理工渗透，理、工、管、文协调发展的国家重点建设的多科性大学，在学科建设与人才培养、科学研究与服务社会等方面实现了卓有成效的发展。</p>\r\n<p align="left">&nbsp;&nbsp;&nbsp;&nbsp;&nbsp;&nbsp;&nbsp;学校现有国家重点学科6个，省部级重点学科22个；国家级重点实验室5个，部省级重点实验室39个；有一级学科博士学位授权点8个，二级学科博士学位授权点36个，硕士学位授权点62个，博士后流动站9个，本科专业41个。学校承担了国家科技攻关、国家自然科学基金以及国务院有关部委、四川省和国内大中型企业委托的各级各类科研项目，并设有国家大学科技园，&ldquo;十五&rdquo;期间年度科技经费以26%的速度递增，2007年达到5亿元。50多年来，学校科技成果获国家级奖励43项、部省级奖励599项，发表论文（专著）33299篇（部），申请专利462项。<a name="_Toc117132689" id="_Toc117132689">学校在近两届国家教学成果奖的评选中，获得国家级教学成果奖</a>9项，四川省教学成果奖44项；建成国家级精品课程12门，教育部&mdash;微软、教育部&mdash;IBM精品课程5门，四川省精品课程56门；建成国家工科电工电子基础课程教学基地和国家工科数学基础课程教学基地，其中国家工科数学基础课程教学基地被教育部评为优秀基地；电子实验中心和计算机实验中心入选国家级实验教学示范中心；还拥有国家大学生文化素质教育基地、国家集成电路人才培养基地、国家软件人才国际培训（成都）基地；2部教材被教育部确定为&ldquo;面向21世纪课程教材&rdquo;，53部教材入选国家&ldquo;十一五&rdquo;规划教材，10部教材在&ldquo;高等教育百门精品课程教材建设计划&rdquo;中立项。</p>\r\n<p align="left">&nbsp;&nbsp;&nbsp;&nbsp;&nbsp;&nbsp;&nbsp;学校学风优良，&ldquo;以学生为本，培养知识结构合理、具有国际竞争能力的、有创新精神的优秀人才&rdquo;是学校人才培养的目标。近年来，学生在全国和国际比赛中成绩斐然：数学建模队在历届&ldquo;全国大学生数学建模竞赛&rdquo;中都取得了骄人的成绩，2004年、2006年分别荣获5个全国一等奖，美国大学生数学建模及交叉学科建模竞赛中我校是国内参赛学校中唯一所有参赛队全部获奖的学校；全国大学生电子设计竞赛中，2005年获全国一等奖和二等奖数名列全国高校第二，2007年名列全国高校第一；学生辩论队获得2004年&ldquo;全国大学生辩论赛&rdquo;冠军，2005年在新加坡举行的国际大专辩论赛中又夺得冠军；学生艺术团和体育代表队在各种全国竞赛中均取得一系列的优秀成绩。我校学生以素质全面、专业知识扎实、能力强、后劲足等鲜明特点受到了社会各界和用人单位的普遍赞誉，多年来毕业生就业供不应求，北京、上海、广州、深圳和美国硅谷&hellip;&hellip;成电学子遍布海内外IT领域。</p>\r\n<p align="left">&nbsp;&nbsp;&nbsp;&nbsp;&nbsp;&nbsp;&nbsp;学校非常重视国际交流与合作，与世界20多个国家和地区的300余所大学、科研机构、企业保持着密切友好的联系。经常主办国际学术会议，每年都有大批教师赴海外参加学术交流和合作研究，有力地促进了学校学科建设与发展。学校还同美国、英国、日本、澳大利亚等国高校签署合作培养计划，本科生在校学习期间可以申请出国留学，联合培养。</p>\r\n<p align="left">&nbsp;&nbsp;&nbsp;&nbsp;&nbsp;&nbsp;&nbsp;随着全球经济信息化以及我国电子信息产业的蓬勃发展，电子科技大学的建设和发展跨入新的历史阶段，学校将秉承&ldquo;团结求实，开拓创新&rdquo;的精神，抓住信息化带动工业化、科技强军和西部大开发等国家发展所带来的一系列重大历史机遇，努力把学校建设成为电子信息领域&ldquo;高新技术的源头，创新人才的基地&rdquo;。</p>', 144, 0, '我在测试学校介绍！', '', 0, '', 3);
INSERT INTO `lz_item` VALUES (19, 44, NULL, NULL, 1244530500, 3, '我在测试项目导航', '<p>我在测试项目导航啊！呵呵！</p>\r\n<p>我在测试项目导航啊！呵呵！</p>\r\n<p>我在测试项目导航啊！呵呵！</p>\r\n<p>我在测试项目导航啊！呵呵！</p>\r\n<p>我在测试项目导航啊！呵呵！</p>\r\n<p>我在测试项目导航啊！呵呵！</p>\r\n<p>我在测试项目导航啊！呵呵！</p>\r\n<p>我在测试项目导航啊！呵呵！</p>\r\n<p>我在测试项目导航啊！呵呵！</p>\r\n<p>我在测试项目导航啊！呵呵！</p>\r\n<p>我在测试项目导航啊！呵呵！</p>\r\n<p>我在测试项目导航啊！呵呵！</p>\r\n<p>我在测试项目导航啊！呵呵！</p>\r\n<p>我在测试项目导航啊！呵呵！</p>\r\n<p>我在测试项目导航啊！呵呵！</p>\r\n<p>我在测试项目导航啊！呵呵！</p>\r\n<p>我在测试项目导航啊！呵呵！</p>', 25, 0, '', '刘金松', 0, '', 1);
INSERT INTO `lz_item` VALUES (20, 14, NULL, NULL, 1244530620, 3, '我在测试信息公告', '<p>我在测试信息公告，我在测试信息公告！</p>\r\n<p><img src="http://localhost/international/public/uploadfiles/1244530665.gif" alt="" /></p>', 97, 0, '', '刘金松', 0, '', 1);
INSERT INTO `lz_item` VALUES (21, 12, NULL, NULL, 1244530680, 3, '我在测试新闻中心', '<p>我在测试新闻中心！我在测试新闻中心1</p>\r\n<p><img src="http://localhost/international/public/uploadfiles/1244530721.gif" alt="" /></p>', 39, 0, '', '刘金松', 0, '', 1);
INSERT INTO `lz_item` VALUES (22, 12, NULL, NULL, 1244568720, 3, '我再次测试新闻中心', '<p>我再次测试新闻中心啊！呵呵额</p>', 56, 0, '', '', 0, '', 1);
INSERT INTO `lz_item` VALUES (23, 13, 1244574889, 3, 1244574000, 3, '测试图片', '<p>&nbsp;</p>\r\n<p>&nbsp;</p>\r\n<p><img src="http://localhost/international/public/uploadfiles/1244574881.jpg" alt="" /></p>', 15, 0, '', '刘金松', 1, 'http://localhost/international/public/uploadfiles/1244574881.jpg', 1);
INSERT INTO `lz_item` VALUES (24, 14, NULL, NULL, 1244574720, 3, '呵在测试审核', '<p>我在测试圣河</p>', 19, 0, '', '', 0, '', 1);
INSERT INTO `lz_item` VALUES (25, 13, NULL, NULL, 1244574960, 3, '再次测试', '<p>&nbsp;</p>\r\n<p><img src="http://localhost/international/public/uploadfiles/1244575004.jpg" alt="" /></p>', 13, 0, '', '', 1, 'http://localhost/international/public/uploadfiles/1244575004.jpg', 1);
INSERT INTO `lz_item` VALUES (26, 13, NULL, NULL, 1244575020, 3, '图片', '<p>&nbsp;</p>\r\n<p><img src="http://localhost/international/public/uploadfiles/1244575173.jpg" alt="" /></p>', 34, 0, '', '', 1, 'http://localhost/international/public/uploadfiles/1244575173.jpg', 1);
INSERT INTO `lz_item` VALUES (27, 13, 1252921262, 1, 1244575140, 3, '分萨芬说法', '<p>&nbsp;</p>\r\n<p><img alt="很好" src="http://localhost/international/public/uploadfiles/1244575192.jpg" /><img src="/international/lz_system/plugin/fckeditor/editor/images/smiley/11.gif" alt="" /></p>', 15, 0, '', '', 1, 'http://localhost/international/public/uploadfiles/1244575192.jpg', 1);
INSERT INTO `lz_item` VALUES (28, 47, NULL, NULL, 1244599980, 3, '我要留学美国啊！呵呵', '<p>我要留学美国啊！</p>', 13, 0, '', '刘金松', 0, '', 1);
INSERT INTO `lz_item` VALUES (29, 46, NULL, NULL, 1244600460, 3, '我想留学法国啊', '<p>我想留学法国啊！</p>', 14, 0, '', '刘金松', 0, '', 1);
INSERT INTO `lz_item` VALUES (30, 11, NULL, NULL, 1244601840, 3, '我在测试学院介绍', '<p>我在测试学院介绍！</p>', 7, 0, '', '', 0, '', 1);
INSERT INTO `lz_item` VALUES (31, 49, NULL, NULL, 1244975220, 3, '我在测试国际本科', '<p>我在测试国际本科！</p>', 18, 0, '', '', 0, '', 1);
INSERT INTO `lz_item` VALUES (32, 22, 1244980545, 3, 1244978040, NULL, '申请流程及准备', '<p>我在测试啊！我在测试啊！我在测试！</p>\r\n<p>我在测试啊！我在测试啊！我在测试！</p>\r\n<p>我在测试啊！我在测试啊！我在测试！</p>\r\n<p>我在测试啊！我在测试啊！我在测试！</p>\r\n<p>我在测试啊！我在测试啊！我在测试！</p>\r\n<p>我在测试啊！我在测试啊！我在测试！</p>\r\n<p>我在测试啊！我在测试啊！我在测试！</p>', 51, 0, '我在测试啊！', '', 0, '', 3);
INSERT INTO `lz_item` VALUES (41, 56, NULL, NULL, 1247552704, NULL, NULL, NULL, 1, 0, NULL, NULL, NULL, NULL, 3);
INSERT INTO `lz_item` VALUES (42, 58, NULL, NULL, 1247552750, NULL, NULL, NULL, 1, 0, NULL, NULL, NULL, NULL, 3);
INSERT INTO `lz_item` VALUES (39, 53, 1247580511, 3, 1247552580, NULL, '成都地理特征', '<p>成都是个山青水秀的好地方啊！&nbsp;</p>', 34, 0, '', '', 0, '', 3);
INSERT INTO `lz_item` VALUES (38, 54, 1252995721, 1, 1247552580, NULL, '成都历史', '<p>&nbsp; &nbsp; &nbsp; &nbsp; 从四川省博物馆陈 列的历史文物中，我们可 以看见最早成都人的生活 足迹：青羊宫附近出土的 陶纺锤、骨针等和钻法、 灼法及龟甲，足以推测蜀 人的祖先可能于3700多年 前在成都这块肥美的土地 上开始了他们的劳动生活。<br />\r\n2300多年前，古蜀王开明九世从今郫县、双流方向迁都到此，取&ldquo;一年成邑、二年成都&rdquo;之意，这里才定名为&ldquo;成都&rdquo;，其称号一直沿用至今。<br />\r\n&nbsp;&nbsp;&nbsp;&nbsp;&nbsp;&nbsp;&nbsp;&nbsp; 由于成都在中国西南所处的特殊经济地理位置，使它成为历史上重要的政治、军事要地。从西汉未年（公元8-25年），蜀郡太守公孙述据成都称帝算起，历史上至少出现过７个地方割据政权。<br />\r\n其中最为著名的是1700年前刘备、刘禅建立的蜀汉政权。这些历代割据四川的封建政权，都无一例外地以成都为都城，进而控制全川，雄视西南，问鼎中原。<br />\r\n&nbsp;&nbsp;&nbsp;&nbsp;&nbsp;&nbsp;&nbsp;&nbsp; 成都作为一座城市，其城址千古不徙，历劫不衰，在世界城市史上，不能不说是一大奇迹。古老的成都，在它的发展过程中获得过不少美称。东汉(公元 25－220年)时因织锦发达，曾设专门机构&ldquo;锦官&rdquo;管理，故有&ldquo;锦官城&rdquo;（简称&ldquo;锦城&rdquo;）美誉。西汉末年(公元8年)成都与洛阳、邯郸、临淄、宛城并称 为&ldquo;五均（均是市场管理的意思）&rdquo;，成为全国五大商业都市之一。五代后蜀皇帝(公元933-965年)，在城墙上遍植芙蓉，故又有&ldquo;芙蓉城&rdquo;(简称&ldquo;蓉 城&rdquo;）之称。到宋代(公元960－1279年)，因综合经济水平列全国前茅，时人又有&ldquo;扬一益二&rdquo;的评价，与有水运商港之利的扬州齐名。自2000多年前 秦蜀太守李冰主持兴修了举世闻名的都江堰水利工程后，成都地区从此&ldquo;水旱从人，不知饥馑&rdquo;，被誉为天府之国。<br />\r\n&nbsp;&nbsp;&nbsp;&nbsp;&nbsp;&nbsp;&nbsp;&nbsp; 成都一直作为四川省的省会，现辖７区（青羊、锦江、金牛、武侯、成华、青白江、龙泉驿）、4市（都江堰、彭州、邛崃、崇州）、８县（温江、大邑、蒲江、新都、新津、金堂、双流、郫县），总人口989.2万人，其中非农业人口318.5万</p>', 6, 0, '', '', 0, '', 3);
INSERT INTO `lz_item` VALUES (37, 6, 1252998876, 1, 1247551560, NULL, '走进成都', '<div class="post_content">\r\n<p>&nbsp;&nbsp;&nbsp;&nbsp;&nbsp;&nbsp;&nbsp; 朋友，您到过中国吗？您来过四川吗？您知道稀世珍宝大熊猫的故乡在哪里吗？世界上最早的纸币的发源地在哪里？您目睹过被称作人类文明古迹之一的都江堰水利枢纽工程的雄姿么？它们就在成都。</p>\r\n<p>&nbsp;&nbsp;&nbsp;&nbsp;&nbsp;&nbsp;&nbsp; 川西平原，河渠密布，风光绮丽。历史文化名城成都就座落在&ldquo;天府之国&rdquo;的腹心。这里有巍峨的高山，也有低回的河谷，成都 的历史犹如它的自然地貌一样有起有落。从2300年 前蜀王迁都于此，漫漫千载,星移斗转，成都有过 &ldquo;五大都会&rdquo;、&ldquo;扬一益二&rdquo;的辉煌，也有过&ldquo;十室九空&rdquo;、&ldquo;斗米数十金&rdquo;的凄凉。然而，它千古不徙，遭历劫而不衰，从容地吐纳万物，化育生机 。这就是成都的魅力所在。的确，这座城市 既古老又年青,既安宁又繁荣，既有很深的文化积 淀，又有很强的商业意识。随着中国的改革开放和 现代化进程，古老的成都日新月异，发生了深刻的变化。</p>\r\n<p>&nbsp;&nbsp;&nbsp;&nbsp;&nbsp;&nbsp;&nbsp;&nbsp; 今天的成都，作为中国四川省的政治、经济和文化中心，已经形成机械、电子、医药、冶金、化工、棉纺、食品等门类的工业体系；农业为中国重要的粮油和 农副产品基地；商业成为中国西南商品、物资的集散中心；交通、通信亦是中国西南地区的枢纽。成都自古就是一座具有开放性格的城市。远在北方开辟&ldquo;丝绸之 路&rdquo;的纪元前，成都人就已 经入云南，经缅甸，到印度，至中亚，转欧洲，即 史称的所谓&ldquo;南丝之路&rdquo;，谱写了对外开放的历史 篇章。今天的成都，秉承祖先气度恢宏、兼容并包 的传统，正意气风发地走向世界。吸收外域文明的 精华，建设自己美好家园。锦绣成都明天会更好。</p>\r\n</div>', 57, 0, '成都', '', 0, '', 3);
INSERT INTO `lz_item` VALUES (43, 27, NULL, NULL, 1252905514, NULL, NULL, NULL, 1, 0, NULL, NULL, NULL, NULL, 3);
INSERT INTO `lz_item` VALUES (44, 26, NULL, NULL, 1252905520, NULL, NULL, NULL, 1, 0, NULL, NULL, NULL, NULL, 3);
INSERT INTO `lz_item` VALUES (45, 12, NULL, NULL, 1252906560, 1, '总装备部副部长韩延林中将视察我校', '<p>&nbsp;<span class="Apple-style-span" style="font-family: Verdana, Arial, Helvetica, sans-serif; font-size: 12px; line-height: 24px; color: rgb(51, 51, 51); "><span class="Apple-style-span" style="font-size: medium; ">&nbsp;&nbsp;&nbsp;&nbsp;&nbsp; 8月26日，总装备部副部长韩延林中将一行来我校视察。韩延林副部长在汪劲松校长、杨晓波副校长等的陪同下，参观了电子薄膜与集成器件国家重点实验室和电真空国防科技重点实验室，听取了我校的科技工作汇报。&nbsp;</span>\r\n<p style="padding-top: 0px; padding-right: 0px; padding-bottom: 0px; padding-left: 0px; margin-top: 0px; margin-right: 0px; margin-bottom: 0px; margin-left: 0px; "><font size="3" style="padding-top: 0px; padding-right: 0px; padding-bottom: 0px; padding-left: 0px; margin-top: 0px; margin-right: 0px; margin-bottom: 0px; margin-left: 0px; ">&nbsp;&nbsp;&nbsp;&nbsp;&nbsp;&nbsp;&nbsp;&nbsp;&nbsp;&nbsp;&nbsp;&nbsp;&nbsp;&nbsp;&nbsp;<img alt="" vspace="8" width="600" height="399" src="http://www.news.uestc.edu.cn/Data/Image/090826/shicha02.jpg" style="padding-top: 0px; padding-right: 0px; padding-bottom: 0px; padding-left: 0px; margin-top: 0px; margin-right: 0px; margin-bottom: 0px; margin-left: 0px; " /></font></p>\r\n<p style="padding-top: 0px; padding-right: 0px; padding-bottom: 0px; padding-left: 0px; margin-top: 0px; margin-right: 0px; margin-bottom: 0px; margin-left: 0px; "><font size="3" style="padding-top: 0px; padding-right: 0px; padding-bottom: 0px; padding-left: 0px; margin-top: 0px; margin-right: 0px; margin-bottom: 0px; margin-left: 0px; ">&nbsp;&nbsp;&nbsp;&nbsp;&nbsp;&nbsp;&nbsp;&nbsp;&nbsp;&nbsp;&nbsp;&nbsp;&nbsp;&nbsp;&nbsp;<img alt="" vspace="8" width="600" height="430" src="http://www.news.uestc.edu.cn/Data/Image/090826/shicha03.jpg" style="padding-top: 0px; padding-right: 0px; padding-bottom: 0px; padding-left: 0px; margin-top: 0px; margin-right: 0px; margin-bottom: 0px; margin-left: 0px; " /></font></p>\r\n<p style="padding-top: 0px; padding-right: 0px; padding-bottom: 0px; padding-left: 0px; margin-top: 0px; margin-right: 0px; margin-bottom: 0px; margin-left: 0px; "><font size="3" style="padding-top: 0px; padding-right: 0px; padding-bottom: 0px; padding-left: 0px; margin-top: 0px; margin-right: 0px; margin-bottom: 0px; margin-left: 0px; ">&nbsp;&nbsp;&nbsp;&nbsp;&nbsp;&nbsp;&nbsp;&nbsp;&nbsp;&nbsp;&nbsp;&nbsp;&nbsp;&nbsp;&nbsp;<img alt="" vspace="8" width="600" height="399" src="http://www.news.uestc.edu.cn/Data/Image/090826/shicha01.jpg" style="padding-top: 0px; padding-right: 0px; padding-bottom: 0px; padding-left: 0px; margin-top: 0px; margin-right: 0px; margin-bottom: 0px; margin-left: 0px; " /><br style="padding-top: 0px; padding-right: 0px; padding-bottom: 0px; padding-left: 0px; margin-top: 0px; margin-right: 0px; margin-bottom: 0px; margin-left: 0px; " />\r\n<br style="padding-top: 0px; padding-right: 0px; padding-bottom: 0px; padding-left: 0px; margin-top: 0px; margin-right: 0px; margin-bottom: 0px; margin-left: 0px; " />\r\n&nbsp;&nbsp;&nbsp;&nbsp;&nbsp; 汪劲松校长代表学校欢迎韩延林副部长一行的到来。他说，电子科技大学特色鲜明，军事电子是我校科研的龙头。学校正在探索新的机制模式，组建大团队、搭建大平台、产生大成果，争取为国防科技建设做出更大的贡献。&nbsp;<br style="padding-top: 0px; padding-right: 0px; padding-bottom: 0px; padding-left: 0px; margin-top: 0px; margin-right: 0px; margin-bottom: 0px; margin-left: 0px; " />\r\n<br style="padding-top: 0px; padding-right: 0px; padding-bottom: 0px; padding-left: 0px; margin-top: 0px; margin-right: 0px; margin-bottom: 0px; margin-left: 0px; " />\r\n&nbsp;&nbsp;&nbsp;&nbsp;&nbsp; 杨晓波副校长汇报了我校军事电子科研工作情况，他从学校历史、学校特色、学科专业、科研基地、人才队伍、国防科技成果奖励等多方面进行详细介绍。&nbsp;<br style="padding-top: 0px; padding-right: 0px; padding-bottom: 0px; padding-left: 0px; margin-top: 0px; margin-right: 0px; margin-bottom: 0px; margin-left: 0px; " />\r\n<br style="padding-top: 0px; padding-right: 0px; padding-bottom: 0px; padding-left: 0px; margin-top: 0px; margin-right: 0px; margin-bottom: 0px; margin-left: 0px; " />\r\n&nbsp;&nbsp;&nbsp;&nbsp;&nbsp; 听取汇报后，韩延林副部长说，电子科技大学非常重视科研工作，50多年来为国家培养了大批电子信息类人才和国防科技人才，创造出了很多高水平的科研成果，为国民经济建设、武器装备建设等做出了重大贡献。&nbsp;<br style="padding-top: 0px; padding-right: 0px; padding-bottom: 0px; padding-left: 0px; margin-top: 0px; margin-right: 0px; margin-bottom: 0px; margin-left: 0px; " />\r\n<br style="padding-top: 0px; padding-right: 0px; padding-bottom: 0px; padding-left: 0px; margin-top: 0px; margin-right: 0px; margin-bottom: 0px; margin-left: 0px; " />\r\n&nbsp;&nbsp;&nbsp;&nbsp;&nbsp; 韩延林副部长指出，作为中国的一所重点大学，电子科技大学要对中华民族复兴负起重要责任，培养造就千千万万的高素质人才；要对国家的国富民强负起重要责任，按照国家科技发展战略，抓好科研工作，为创建创新型国家贡献力量；要发挥高校的优势，为建设强大的国防做贡献。&nbsp;<br style="padding-top: 0px; padding-right: 0px; padding-bottom: 0px; padding-left: 0px; margin-top: 0px; margin-right: 0px; margin-bottom: 0px; margin-left: 0px; " />\r\n<br style="padding-top: 0px; padding-right: 0px; padding-bottom: 0px; padding-left: 0px; margin-top: 0px; margin-right: 0px; margin-bottom: 0px; margin-left: 0px; " />\r\n&nbsp;&nbsp;&nbsp;&nbsp;&nbsp; 邓龙江教授、宫玉彬教授分别向韩延林副部长介绍了电子薄膜与集成器件国家重点实验室和电真空国防科技重点实验室的科学研究、技术应用、成果转化等情况。&nbsp;</font></p>\r\n</span></p>', 64, 0, '', '', 1, 'http://www.news.uestc.edu.cn/Data/Image/090826/shicha02.jpg', 1);
INSERT INTO `lz_item` VALUES (46, 12, NULL, NULL, 1252906560, 1, '新学期开课秩序井然', '<p>&nbsp;<span class="Apple-style-span" style="font-family: Verdana, Arial, Helvetica, sans-serif; font-size: 12px; line-height: 24px; color: rgb(51, 51, 51); "><span class="Apple-style-span" style="font-size: medium; ">&nbsp;&nbsp;&nbsp;&nbsp;&nbsp;&nbsp; 8月31日，我校新学期开课第一天。党委书记王志强、校长汪劲松、党委副书记王亚非、副校长朱宏，校长助理、教务处处长杨亚培分赴沙河校区、清水河校区，察看教师授课和学生到课、听课情况。检查结果表明，新学期教学运行良好，各方面工作井然有序。&nbsp;</span>\r\n<p style="padding-top: 0px; padding-right: 0px; padding-bottom: 0px; padding-left: 0px; margin-top: 0px; margin-right: 0px; margin-bottom: 0px; margin-left: 0px; "><font size="3" style="padding-top: 0px; padding-right: 0px; padding-bottom: 0px; padding-left: 0px; margin-top: 0px; margin-right: 0px; margin-bottom: 0px; margin-left: 0px; ">&nbsp;&nbsp;&nbsp;&nbsp;&nbsp;&nbsp;&nbsp;&nbsp;&nbsp;&nbsp;&nbsp;&nbsp;&nbsp;&nbsp;<img height="399" alt="" width="600" vspace="8" src="http://www.news.uestc.edu.cn/Data/Image/090831/kaixue01.jpg" style="padding-top: 0px; padding-right: 0px; padding-bottom: 0px; padding-left: 0px; margin-top: 0px; margin-right: 0px; margin-bottom: 0px; margin-left: 0px; " /></font></p>\r\n<p style="padding-top: 0px; padding-right: 0px; padding-bottom: 0px; padding-left: 0px; margin-top: 0px; margin-right: 0px; margin-bottom: 0px; margin-left: 0px; "><font size="3" style="padding-top: 0px; padding-right: 0px; padding-bottom: 0px; padding-left: 0px; margin-top: 0px; margin-right: 0px; margin-bottom: 0px; margin-left: 0px; ">&nbsp;&nbsp;&nbsp;&nbsp;&nbsp;&nbsp;&nbsp;&nbsp;&nbsp;&nbsp;&nbsp;&nbsp;&nbsp;&nbsp;<img height="399" alt="" width="600" vspace="8" src="http://www.news.uestc.edu.cn/Data/Image/090831/kaixue02.jpg" style="padding-top: 0px; padding-right: 0px; padding-bottom: 0px; padding-left: 0px; margin-top: 0px; margin-right: 0px; margin-bottom: 0px; margin-left: 0px; " /><br style="padding-top: 0px; padding-right: 0px; padding-bottom: 0px; padding-left: 0px; margin-top: 0px; margin-right: 0px; margin-bottom: 0px; margin-left: 0px; " />\r\n<br style="padding-top: 0px; padding-right: 0px; padding-bottom: 0px; padding-left: 0px; margin-top: 0px; margin-right: 0px; margin-bottom: 0px; margin-left: 0px; " />\r\n&nbsp;&nbsp;&nbsp;&nbsp;&nbsp;&nbsp; 上午第一节课，王志强书记来到沙河校区第二教学楼察看，汪劲松校长、朱宏副校长、王亚非副书记到清水河校区检查。校领导仔细察看课堂互动情况，询问学生出勤率，并与自习学生交流。&nbsp;<br style="padding-top: 0px; padding-right: 0px; padding-bottom: 0px; padding-left: 0px; margin-top: 0px; margin-right: 0px; margin-bottom: 0px; margin-left: 0px; " />\r\n<br style="padding-top: 0px; padding-right: 0px; padding-bottom: 0px; padding-left: 0px; margin-top: 0px; margin-right: 0px; margin-bottom: 0px; margin-left: 0px; " />\r\n&nbsp;&nbsp;&nbsp;&nbsp;&nbsp;&nbsp; 检查结果显示，师生们精神饱满，学生到课率高、听课认真。&nbsp;</font></p>\r\n<p style="padding-top: 0px; padding-right: 0px; padding-bottom: 0px; padding-left: 0px; margin-top: 0px; margin-right: 0px; margin-bottom: 0px; margin-left: 0px; "><font size="3" style="padding-top: 0px; padding-right: 0px; padding-bottom: 0px; padding-left: 0px; margin-top: 0px; margin-right: 0px; margin-bottom: 0px; margin-left: 0px; ">&nbsp;&nbsp;&nbsp;&nbsp;&nbsp;&nbsp; 教务处、学工部相关负责人陪同检查。&nbsp;</font></p>\r\n</span></p>', 5, 0, '', '', 1, 'http://www.news.uestc.edu.cn/Data/Image/090831/kaixue01.jpg', 1);
INSERT INTO `lz_item` VALUES (47, 9, 1252916599, 1, 0, NULL, '概览', '<script>\r\nwindow.location="?p=category&category_id=10";\r\n</script>', 1, 0, '哦？', '', 0, '', 3);
INSERT INTO `lz_item` VALUES (48, 59, NULL, NULL, 1252913979, NULL, NULL, NULL, 1, 0, NULL, NULL, NULL, NULL, 3);
INSERT INTO `lz_item` VALUES (49, 60, 1253077653, 1, 1252913940, NULL, '页面底部信息', '<p style="text-align: left;">联系电话:<span>+86 28 83208865</span> &nbsp; 传真:<span>+86 28 83208865</span> &nbsp;  Email:<span>sie@uestc.edu.cn</span> &nbsp;</p>\r\n<p style="text-align: left;">地址:<span>中国 四川 成都市建设北路二段四号 电子科技大学科技实验大楼科A1-04A （610054）</span></p>', 1, 0, '', '', 0, '', 3);
INSERT INTO `lz_item` VALUES (50, 5, NULL, NULL, 1252997582, NULL, NULL, NULL, 1, 0, NULL, NULL, NULL, NULL, 3);
INSERT INTO `lz_item` VALUES (51, 30, NULL, NULL, 1252998609, NULL, NULL, NULL, 1, 0, NULL, NULL, NULL, NULL, 3);
INSERT INTO `lz_item` VALUES (52, 32, NULL, NULL, 1252998774, NULL, NULL, NULL, 1, 0, NULL, NULL, NULL, NULL, 3);
INSERT INTO `lz_item` VALUES (53, 33, NULL, NULL, 1252998779, NULL, NULL, NULL, 1, 0, NULL, NULL, NULL, NULL, 3);
INSERT INTO `lz_item` VALUES (54, 34, NULL, NULL, 1252998781, NULL, NULL, NULL, 1, 0, NULL, NULL, NULL, NULL, 3);
INSERT INTO `lz_item` VALUES (55, 31, NULL, NULL, 1252998786, NULL, NULL, NULL, 1, 0, NULL, NULL, NULL, NULL, 3);
INSERT INTO `lz_item` VALUES (56, 29, NULL, NULL, 1252998795, NULL, NULL, NULL, 1, 0, NULL, NULL, NULL, NULL, 3);
INSERT INTO `lz_item` VALUES (57, 40, NULL, NULL, 1252998837, NULL, NULL, NULL, 1, 0, NULL, NULL, NULL, NULL, 3);
INSERT INTO `lz_item` VALUES (58, 41, NULL, NULL, 1252998842, NULL, NULL, NULL, 1, 0, NULL, NULL, NULL, NULL, 3);
INSERT INTO `lz_item` VALUES (62, 8, 1253207362, 1, 1253078880, 1, '清水河校区主楼', '<p>&nbsp;<img alt="" src="public/uploadfiles/%E6%B8%85%E6%B0%B4%E6%B2%B3%E4%B8%BB%E6%A5%BC.jpg" /></p>', 5, 0, '', '', 1, 'public/uploadfiles/%E6%B8%85%E6%B0%B4%E6%B2%B3%E4%B8%BB%E6%A5%BC.jpg', 1);
INSERT INTO `lz_item` VALUES (63, 8, 1253207380, 1, 1253078880, 1, '沙河校区早晨', '<p><img src="public/uploadfiles/%E6%B2%99%E6%B2%B3%E6%97%A9%E6%99%A8.jpg" alt="" /></p>', 2, 0, '', '', 1, 'public/uploadfiles/%E6%B2%99%E6%B2%B3%E6%97%A9%E6%99%A8.jpg', 1);
INSERT INTO `lz_item` VALUES (65, 14, 1253083620, NULL, 1253083620, 1, '我校与Sybase公司签署战略合作协议', '<p class="MsoNormal" style="margin: 0cm 0cm 0pt; text-indent: 21pt;"><font size="3"><span lang="EN-US">2009</span><span style="font-family: 宋体;">年</span><span lang="EN-US">9</span><span style="font-family: 宋体;">月</span><span lang="EN-US">8</span><span style="font-family: 宋体;">日上午，电子科技大学&mdash;</span><span lang="EN-US">Sybase</span><span style="font-family: 宋体;">战略合作协议签署仪式举行，校党委书记王志强、</span><span lang="EN-US">Sybase</span><span style="font-family: 宋体;">公司亚太区副总裁兼大中华区总经理邹作基在合作协议上签字并为电子科技大学&mdash;</span><span lang="EN-US">Sybase</span><span style="font-family: 宋体;">软件工程联合实验室揭牌。杨晓波副校长主持仪式。</span></font></p>\r\n<p class="MsoNormal" style="margin: 0cm 0cm 0pt; text-indent: 21pt;">&nbsp;</p>\r\n<p class="MsoNormal" style="margin: 0cm 0cm 0pt; text-indent: 21pt;"><font size="3"><span style="font-family: 宋体;">邹作基先生对双方力促战略合作关系的建立表示感谢。他说，在全球一体化的大背景下</span><span lang="EN-US">Sybase</span><span style="font-family: 宋体;">一直努力开拓中国市场。他希望通过与我校的战略合作，培养更多的专门人才，引领未来发展。他还介绍了</span><span lang="EN-US">Sybase</span><span style="font-family: 宋体;">公司的研发、产品等情况。</span></font></p>\r\n<p class="MsoNormal" style="margin: 0cm 0cm 0pt; text-indent: 21pt;">&nbsp;</p>\r\n<p class="MsoNormal" style="margin: 0cm 0cm 0pt; text-indent: 21pt;"><span style="font-family: 宋体;"><font size="3">王志强书记说，联合实验室是一个很好的平台和纽带，对于加强和深化双方合作有着重要推动作用，与企业的紧密联合对学校的人才培养也大有裨益。他对双方的合作前景表示乐观，希望进一步扩大合作，达到双赢。</font></span></p>\r\n<p class="MsoNormal" style="margin: 0cm 0cm 0pt; text-indent: 21pt;"><span style="font-family: 宋体;"><font size="3">&nbsp;&nbsp;&nbsp; </font><img width="600" vspace="8" height="424" src="http://www.news.uestc.edu.cn/Data/Image/090908/jiepai.jpg" alt="" /></span></p>\r\n<p class="MsoNormal" style="margin: 0cm 0cm 0pt; text-indent: 21pt;">&nbsp;</p>\r\n<p class="MsoNormal" style="margin: 0cm 0cm 0pt; text-indent: 21pt;"><font size="3"><span style="font-family: 宋体;">根据协议规定，</span><span lang="EN-US">Sybase</span><span style="font-family: 宋体;">将与我校建立联合实验室，捐赠价值</span><span lang="EN-US">100</span><span style="font-family: 宋体;">万美元的实验设备及软件；双方共同开设相关课程、培训教师；设立</span><span lang="EN-US">20</span><span style="font-family: 宋体;">万美元的专项基金；不定期的派专家来校讲座及举办竞赛活动等。</span></font></p>\r\n<p class="MsoNormal" style="margin: 0cm 0cm 0pt; text-indent: 21pt;">&nbsp;</p>\r\n<p class="MsoNormal" style="margin: 0cm 0cm 0pt; text-indent: 21pt;"><span style="font-family: 宋体;"><font size="3">邹作基先生同时受聘为我校兼职教授，王志强书记为其颁发聘书并佩戴校徽。邹作基先生感谢学校给他这样一个机会，他表示将为学校发展贡献力量。</font></span></p>\r\n<p class="MsoNormal" style="margin: 0cm 0cm 0pt; text-indent: 21pt;">&nbsp;</p>\r\n<p class="MsoNormal" style="margin: 0cm 0cm 0pt; text-indent: 21pt;"><font size="3"><span lang="EN-US">Sybase</span><span style="font-family: 宋体;">公司有关人员，学校办、宣传部、学工部、人事处、教务处和计算机学院等部门负责人参加了战略合作签署仪式。</span></font><span lang="EN-US"><o:p><font size="3">&nbsp;</font></o:p></span></p>\r\n<p class="MsoNormal" style="margin: 0cm 0cm 0pt;"><span lang="EN-US"><o:p><font size="3">&nbsp;</font></o:p></span></p>\r\n<p class="MsoNormal" style="margin: 0cm 0cm 0pt;"><font size="3"><span style="font-family: 宋体;">&nbsp;&nbsp;&nbsp; 链接：</span><span lang="EN-US">Sybase</span><span style="font-family: 宋体;">是全球领先的企业级和移动软件公司，致力于信息的管理、分析和移动。在所有主要的系统、网络和设备上，是全球公认的在数据密集应用领域有杰出的性能表现的领导者。</span><span lang="EN-US">Sybase</span><span style="font-family: 宋体;">的信息管理、分析和企业移动解决方案已经为全球的金融服务、通信、制造和政府等的业务关键系统提供强劲动力。</span><span lang="EN-US">Sybase</span><span style="font-family: 宋体;">于</span><span lang="EN-US">1991</span><span style="font-family: 宋体;">年</span><span lang="EN-US">12</span><span style="font-family: 宋体;">月进入中国，并于</span><span lang="EN-US">1993</span><span style="font-family: 宋体;">年投资</span><span lang="EN-US">230</span><span style="font-family: 宋体;">万美元建立赛贝斯软件</span><span lang="EN-US"> (</span><span style="font-family: 宋体;">中国</span><span lang="EN-US">) </span><span style="font-family: 宋体;">有限公司。</span><span lang="EN-US">Sybase</span><span style="font-family: 宋体;">已陆续在上海、广州、成都等地设立了分公司，在北京、上海、西安建立研发中心，合作伙伴更是遍布全国各地。</span></font></p>', 10, 0, '', '', 1, 'http://www.news.uestc.edu.cn/Data/Image/090908/jiepai.jpg', 1);
INSERT INTO `lz_item` VALUES (66, 45, 1253083980, NULL, 1253083980, 1, '我在意大利留学。', '<p>如题。我在意大利留学。</p>\r\n<p>如题。我在意大利留学。</p>\r\n<p>如题。我在意大利留学。</p>\r\n<p>如题。我在意大利留学。</p>\r\n<p>如题。我在意大利留学。</p>\r\n<p>如题。我在意大利留学。</p>\r\n<p>如题。我在意大利留学。</p>\r\n<p>如题。我在意大利留学。</p>\r\n<p>如题。我在意大利留学。</p>', 2, 0, '', '', 0, '', 1);
INSERT INTO `lz_item` VALUES (67, 44, 1253084040, NULL, 1253084040, 1, '意大利留学预科项目-招生信息', '<p><strong><font color="#990000">一、项目概况</font></strong>\r\n<table align="center" width="95%" cellspacing="0" cellpadding="6" border="0" style="border: 1px dotted rgb(204, 204, 204); table-layout: fixed;">\r\n    <tbody>\r\n        <tr>\r\n            <td bgcolor="#f3f3f3" style="word-wrap: break-word;">&nbsp;<span style="font-size: 9pt;">\r\n            <p align="left" class="MsoNormal" style="margin: 0cm 0cm 0pt; text-align: left;"><span><strong>1．项目介绍</strong></span><span style="font-family: Arial; font-size: 9pt;"> <span lang="EN-US"><o:p></o:p></span></span></p>\r\n            <p align="left" class="MsoNormal" style="margin: 0cm 0cm 0pt; text-align: left; text-indent: 18pt;"><span style="font-family: 宋体; font-size: 9pt;">电子科技大学与国家留学基金委东方国际合作举办意大利留学预科项目。从</span><span lang="EN-US" style="font-family: Arial; font-size: 9pt;">2005</span><span style="font-family: 宋体; font-size: 9pt;">年底起，由意大利大学校长联合会（即</span><span lang="EN-US" style="font-family: Arial; font-size: 9pt;">CRUI</span><span style="font-family: 宋体; font-size: 9pt;">）发起了</span><span lang="EN-US" style="font-family: Arial; font-size: 9pt;">&ldquo;</span><span style="font-family: 宋体; font-size: 9pt;">马可</span><span lang="EN-US" style="font-family: Arial; font-size: 9pt;">&middot;</span><span style="font-family: 宋体; font-size: 9pt;">波罗</span><span lang="EN-US" style="font-family: Arial; font-size: 9pt;">&rdquo;</span><span style="font-family: 宋体; font-size: 9pt;">计划，旨在密切意大利与中国之间的文化交流，</span><span lang="EN-US" style="font-family: Arial; font-size: 9pt;">2006</span><span style="font-family: 宋体; font-size: 9pt;">年有近</span><span lang="EN-US" style="font-family: Arial; font-size: 9pt;">1000</span><span style="font-family: 宋体; font-size: 9pt;">名中国学生进入了意大利各大学学习。</span><span lang="EN-US" style="font-family: Arial; font-size: 9pt;">2007</span><span style="font-family: 宋体; font-size: 9pt;">年有近</span><span lang="EN-US" style="font-family: Arial; font-size: 9pt;">3000</span><span style="font-family: 宋体; font-size: 9pt;">多名中国学生进入了意大利各大学学习。西南地区的学生可以通过国家留学基金委东方国际与电子科技大学外国语学院共同开设的留学意大利窗口，在电子科技大学学习半年意大利语，赴意后再进行半年的语言过渡准备，然后进入为期三年的本科课程学习，或者两年的硕士课程学习。</span></p>\r\n            <p align="left" class="MsoNormal" style="margin: 0cm 0cm 0pt; text-align: left; line-height: 15pt;"><strong><span>2．项目优势</span><span lang="EN-US" style="font-family: Arial; font-size: 9pt;"><o:p></o:p></span></strong></p>\r\n            <p align="left" class="MsoNormal" style="margin: 0cm 0cm 0pt; text-align: left; line-height: 15pt;"><span style="font-family: 宋体; color: rgb(51, 51, 51); font-size: 9pt;">◆</span><span style="font-family: Arial; color: rgb(51, 51, 51); font-size: 9pt;"> </span><span>就读意大利公立大学专业学习全免学费<br />\r\n            ◆</span><span style="font-family: Arial; font-size: 9pt;"> </span><span>正规、可靠的项目来源，近百所大学及百余个专业供学生选择<br />\r\n            ◆</span><span style="font-family: Arial; font-size: 9pt;"> </span><span>国内阶段小班教学，享受电子科技大学提供的高质量教育<br />\r\n            ◆</span><span lang="EN-US" style="font-family: Arial; font-size: 9pt;"> &ldquo;</span><span style="font-family: 宋体; font-size: 9pt;">中心</span><span lang="EN-US" style="font-family: Arial; font-size: 9pt;">&rdquo;</span><span>的强有力的留学服务支持，提高留学成功率<br />\r\n            ◆</span><span style="font-family: Arial; font-size: 9pt;"> </span><span>享受世界经济强国的高质量教育，文凭全球通行<br />\r\n            ◆</span><span style="font-family: Arial; font-size: 9pt;"> </span><span>合法勤工俭学，工薪阶层人士子女留学的最佳选择<br />\r\n            ◆</span><span style="font-family: Arial; font-size: 9pt;"> </span><span style="font-family: 宋体; font-size: 9pt;">学生毕业后可选择在欧盟各国就业，回国就业率高</span><span lang="EN-US" style="font-family: Arial; font-size: 9pt;"><o:p></o:p></span></p>\r\n            </span></td>\r\n        </tr>\r\n    </tbody>\r\n</table>\r\n</p>\r\n<p><strong><font color="#990000">二、招生专业</font></strong>\r\n<table align="center" width="95%" cellspacing="0" cellpadding="6" border="0" style="border: 1px dotted rgb(204, 204, 204); table-layout: fixed;">\r\n    <tbody>\r\n        <tr>\r\n            <td bgcolor="#f3f3f3" style="word-wrap: break-word;">&nbsp;&nbsp;&nbsp;&nbsp;&nbsp;&nbsp;&nbsp; &nbsp;<span style="font-size: 9pt;">学生根据留学意愿，以下大学各专业可供选择：</span> <br />\r\n            &nbsp;&nbsp;&nbsp;&nbsp;&nbsp;&nbsp;&nbsp; <span style="font-size: 9pt;">比萨大学</span><span style="font-size: 9pt;">&nbsp;&nbsp;&nbsp; </span><span style="font-size: 9pt;">博洛尼亚大学</span><span style="font-size: 9pt;">&nbsp;&nbsp;&nbsp; </span><span style="font-size: 9pt;">都灵大学</span><span style="font-size: 9pt;">&nbsp;&nbsp;&nbsp;&nbsp;&nbsp;&nbsp;&nbsp; </span><span style="font-size: 9pt;">都灵理工大学</span><span style="font-size: 9pt;">&nbsp;&nbsp;&nbsp; </span><span style="font-size: 9pt;">佛罗伦萨大学<br />\r\n            </span><span style="font-size: 9pt;">&nbsp;&nbsp;&nbsp;&nbsp;&nbsp;&nbsp;&nbsp; 米兰大学</span><span style="font-size: 9pt;">&nbsp;&nbsp;&nbsp; </span><span style="font-size: 9pt;">米兰理工大学</span><span style="font-size: 9pt;">&nbsp;&nbsp;&nbsp; </span><span style="font-size: 9pt;">帕多瓦大学</span><span style="font-size: 9pt;">&nbsp;&nbsp;&nbsp; </span><span style="font-size: 9pt;">佩鲁贾大学</span><span style="font-size: 9pt;">&nbsp;&nbsp;&nbsp;&nbsp;&nbsp;&nbsp;&nbsp; </span><span style="font-size: 9pt;">热那亚大学</span></td>\r\n        </tr>\r\n    </tbody>\r\n</table>\r\n</p>\r\n<p><strong><font color="#990000">三、入学条件与录取原则</font></strong>\r\n<table align="center" width="95%" cellspacing="0" cellpadding="6" border="0" style="border: 1px dotted rgb(204, 204, 204); table-layout: fixed;">\r\n    <tbody>\r\n        <tr>\r\n            <td bgcolor="#f3f3f3" style="word-wrap: break-word;">&nbsp;<b><span style="font-size: 9pt;">1</span></b><b><span style="font-size: 9pt;">．招生对象</span></b>\r\n            <div align="left" style="line-height: 15pt;"><span style="font-size: 9pt;">&nbsp;&nbsp;&nbsp;&nbsp;&nbsp;&nbsp;&nbsp; 高中应往届毕业生（攻读学士学位）</span></div>\r\n            <div align="left" style="line-height: 15pt;"><span style="font-size: 9pt;">&nbsp;&nbsp;&nbsp;&nbsp;&nbsp;&nbsp;&nbsp; 本科毕业生（攻读硕士学位）</span></div>\r\n            <div align="left" style="line-height: 15pt;"><span><strong>2．录取原则<br />\r\n            </strong>&nbsp;&nbsp;&nbsp;&nbsp;&nbsp;&nbsp;&nbsp;&nbsp;根据学生高考成绩择优录取。</span></div>\r\n            </td>\r\n        </tr>\r\n    </tbody>\r\n</table>\r\n</p>\r\n<p><strong><font color="#990000">四、报名时间、地址与方法</font></strong>\r\n<table align="center" width="95%" cellspacing="0" cellpadding="6" border="0" style="border: 1px dotted rgb(204, 204, 204); table-layout: fixed;">\r\n    <tbody>\r\n        <tr>\r\n            <td bgcolor="#f3f3f3" style="word-wrap: break-word;">\r\n            <div align="left" style="line-height: 15pt;"><b><span style="font-size: 9pt;">1</span></b><b><span style="font-size: 9pt;">．报名时间：</span></b><span style="font-size: 9pt;">即日起</span></div>\r\n            <div align="left" style="line-height: 15pt;"><b><span style="font-size: 9pt;">2</span></b><b><span style="font-size: 9pt;">．报名地点</span></b></div>\r\n            <div align="left" style="line-height: 15pt; text-indent: 18pt;"><span style="font-size: 9pt;">电子科技大学本部（沙河校区）主楼东</span><span style="font-size: 9pt;">106</span><span style="font-size: 9pt;">室</span></div>\r\n            <div align="left" style="line-height: 15pt;"><span style="font-size: 9pt;">3<b>. </b></span><b><span style="font-size: 9pt;">咨询方式：</span></b></div>\r\n            <div align="left" style="line-height: 15pt; text-indent: 18pt;"><span style="font-size: 9pt;">咨询电话：</span><span style="font-size: 9pt;">028-83201077&nbsp;&nbsp;&nbsp;李老师&nbsp;&nbsp; <span lang="EN-US" style="font-family: ''Times New Roman''; color: rgb(51, 51, 51); font-size: 10.5pt;">18980806811&nbsp;&nbsp;&nbsp;&nbsp;&nbsp; </span>66099251&nbsp; </span></div>\r\n            <div align="left" style="line-height: 15pt; text-indent: 18pt;"><span style="font-size: 9pt;">网址：</span><span style="font-size: 9pt;"><a href="http://www.sie.uestc.edu.cn/">www.sie.uestc.edu.cn</a></span></div>\r\n            <div align="left" style="line-height: 15pt;"><b><span style="font-size: 9pt;">4</span></b><b><span style="font-size: 9pt;">．报名方法：</span></b></div>\r\n            <div style="line-height: 15pt; text-indent: 18pt;"><span style="font-size: 9pt;">学生凭本人身份证、高中毕业证、高考成绩单原件及复印件（参加硕士项目需要提供学士学位证），到报名处填写《入学申请报名表》，并交纳报名测试费</span><span style="font-size: 9pt;">200</span><span style="font-size: 9pt;">元人民币，提供本人高中毕业证、高考成绩单、身份证复印件和两寸近期同底免冠正面照片</span><span style="font-size: 9pt;">8</span><span style="font-size: 9pt;">张。</span></div>\r\n            <div style="line-height: 15pt; text-indent: 18pt;"><span style="font-size: 6pt;">注：提供虚假免试材料或毕业证书报名者，一切责任自负。</span></div>\r\n            </td>\r\n        </tr>\r\n    </tbody>\r\n</table>\r\n</p>\r\n<p><strong><font color="#990000">五、项目流程</font></strong>\r\n<table align="center" width="95%" cellspacing="0" cellpadding="6" border="0" style="border: 1px dotted rgb(204, 204, 204); table-layout: fixed;">\r\n    <tbody>\r\n        <tr>\r\n            <td bgcolor="#f3f3f3" style="word-wrap: break-word;">&nbsp;&nbsp;&nbsp;&nbsp;&nbsp;\r\n            <div style="line-height: 15pt; text-indent: 18pt;"><span style="font-size: 9pt;">电子科技大学语言预科</span><span style="font-size: 9pt;">半</span><span style="font-size: 9pt;">年</span><span style="font-size: 9pt;">+意大利语言学习0.5年+</span><span style="font-size: 9pt;">意大利大学本科学习3年（硕士项目学习时间为两年）</span></div>\r\n            </td>\r\n        </tr>\r\n    </tbody>\r\n</table>\r\n</p>\r\n<p><strong><font color="#990000">六、费用</font></strong>\r\n<table align="center" width="95%" cellspacing="0" cellpadding="6" border="0" style="border: 1px dotted rgb(204, 204, 204); table-layout: fixed;">\r\n    <tbody>\r\n        <tr>\r\n            <td bgcolor="#f3f3f3" style="word-wrap: break-word;"><span style="font-size: 9pt;"><font face="宋体">&nbsp;&nbsp;&nbsp; 国内学费：</font></span><span lang="EN-US" new="" times="" style="font-size: 9pt;">9500</span><font face="宋体"><span style="font-size: 9pt;">元人民币</span><span style="font-size: 9pt;">（六个月）</span><span lang="EN-US" new="" times="" style="font-size: 9pt;"><o:p></o:p></span><br />\r\n            <span style="font-size: 9pt;"><font face="宋体">&nbsp;&nbsp;&nbsp; 教材资料费：</font></span><span lang="EN-US" new="" times="" style="font-size: 9pt;">300</span><span style="font-size: 9pt;"><font face="宋体">元人民币</font></span><span lang="EN-US" new="" times="" style="font-size: 9pt;">/</span><font face="宋体"><span style="font-size: 9pt;">年（按实际使用进行结算，多退少补）；</span><span lang="EN-US" new="" times="" style="font-size: 9pt;"><o:p></o:p></span></font><br />\r\n            <span style="font-size: 9pt;"><font face="宋体">&nbsp;&nbsp;&nbsp; 住宿费：根据电子科技大学普通本科学生住宿标准执行。</font></span><span lang="EN-US" new="" times="" style="font-size: 9pt;"><o:p></o:p></span></font></td>\r\n        </tr>\r\n    </tbody>\r\n</table>\r\n</p>\r\n<p>&nbsp;</p>\r\n<br />', 6, 0, '', '', 0, '', 1);
INSERT INTO `lz_item` VALUES (68, 44, 1253086320, NULL, 1253086320, 1, 'IEEE微电子前沿技术国际学术研讨会在我校举行', '<p><font size="3">&nbsp;&nbsp; &nbsp; &nbsp; 9月14&mdash;15日，IEEE微电子前沿技术国际学术研讨会在我校举行，来自德国、法国、荷兰、瑞士、比利时、新加坡、中国等国家的专家学者齐聚一堂，对微电子领域的最新研究情况进行交流。</font></p>\r\n<p><font size="3">&nbsp;&nbsp;&nbsp;&nbsp;&nbsp;&nbsp;&nbsp;&nbsp;&nbsp;&nbsp;&nbsp;&nbsp;&nbsp;&nbsp;&nbsp;&nbsp; <img width="600" vspace="8" height="400" src="http://www.news.uestc.edu.cn/Data/Image/090915/ieee.jpg" alt="" />&nbsp;<br />\r\n<br />\r\n&nbsp;&nbsp;&nbsp;&nbsp;&nbsp;&nbsp;&nbsp; 王厚军副校长代表学校对会议的召开表示祝贺，对海内外与会专家学者的到来表示欢迎。他说，电子科技大学对微电子学科的发展给予了很大支持，开展高水平的学 术交流是提高学术水平和促进学科建设的重要途径。他希望通过加强与海内外专家学者的合作，加快我校微电子学科的发展。&nbsp;<br />\r\n<br />\r\n&nbsp;&nbsp;&nbsp;&nbsp;&nbsp;&nbsp; 会议主席、我校陈星弼院士以《九个&ldquo;最&rdquo;》为题的发言博得了满堂喝彩。他指出微电子人才不是太多，而是太缺。他呼吁与会的专家学者及学生，为这一&ldquo;最幸福、最光荣&rdquo;行业的发展不懈努力。 <br />\r\n<br />\r\n&nbsp;&nbsp;&nbsp;&nbsp;&nbsp;&nbsp; 开幕式后，来自IMEC（欧洲微电子研究中心）的高腾博士以《More Than Moore产业和技术现状以及国内的发展机遇》为题作学术报告。 <br />\r\n<br />\r\n&nbsp;&nbsp;&nbsp;&nbsp;&nbsp;&nbsp; 在为期两天的会议里，十几位微电子专家登台作报告，为我校师生奉上了丰盛的学术大餐。与会专家学者还参观了我校电子薄膜与集成器件国家重点实验室、微电子技术研究所、通信集成电路中心，以及成都高新区微电子相关企业和研究所。 <br />\r\n<br />\r\n&nbsp;&nbsp;&nbsp;&nbsp;&nbsp;&nbsp; 本次会议的一大亮点是，邀请了&ldquo;欧洲华人专业协会联合会微电子专业论坛&rdquo;的11位专家学者。这11位海外华人学者均长期工作在欧洲半导体行业的知名公司、研究机构及大学，其工作和研究领域都体现了当今半导体行业的最新潮流和发展趋势。 <br />\r\n<br />\r\n&nbsp;&nbsp;&nbsp;&nbsp;&nbsp;&nbsp; 本次会议由电子科技大学电子薄膜与集成器件国家重点实验室主办，IEEE/IEEE成都分会和国家集成电路设计（成都）产业化基地协办。 <br />\r\n<br />\r\n<br />\r\n<br />\r\n相关链接：</font></p>\r\n<p><font size="3">&nbsp;&nbsp;&nbsp;&nbsp;&nbsp;&nbsp; &ldquo;欧洲华人专业协会联合会微电子专业论坛&rdquo;是全欧洲的华人科技专业组织，以荷兰为基地，成员遍布欧洲各国, 以在欧洲的大学、研究所和公司工作的华人微电子专家为主。论坛以联系欧洲华人微电子专家，为会员提供相互交流的平台；发挥团队优势，促进欧中在微电子技术 领域的交流与合作；关注中国集成电路行业的发展，鼓励和帮助会员回国创业和为国服务为宗旨。 </font></p>', 2, 0, '', '', 1, 'http://www.news.uestc.edu.cn/Data/Image/090915/ieee.jpg', 1);
INSERT INTO `lz_item` VALUES (69, 44, 1253087160, NULL, 1253087160, 1, '学校召开中层干部会', '<p><font size="3">&nbsp;&nbsp;&nbsp;&nbsp; 8月27日上午，学校召开中层干部会。党委书记王志强回顾总结暑期工作，并对本学期重点工作进行部署。汪劲松校长号召广大干部教师集思广益，齐心协力，努力工作，推动学校科学发展。</font></p>\r\n<p><font size="3">&nbsp;&nbsp;&nbsp;&nbsp;&nbsp;&nbsp;&nbsp;&nbsp;&nbsp;&nbsp;&nbsp;&nbsp; <img width="600" vspace="8" height="399" src="http://www.news.uestc.edu.cn/Data/Image/090827/ganbuhui.jpg" alt="" />&nbsp;<br />\r\n<br />\r\n&nbsp;&nbsp;&nbsp; 暑期我校各项工作稳步推进，校园安全稳定有序；本科招生工作圆满完成，生源质量保持较高水平；加强本科生教学实验室建设和专业建设，完成30多个教学实验 室建设设备论证、招标，计算机科学与技术专业&ldquo;工程教育专业认证&rdquo;工作顺利推进；组织了100多支大学生分队进行暑期社会实践活动；&ldquo;十二五&rdquo;科技规划编 写工作全面启动，重大专项和军工科研项目正常推进，新签合同200多项，落实5项自然科学基金重点项目；两校区后勤保障有力，基本完成震后加固维修等基建 工作；清水河校区导视系统基本完成，积极筹备以&ldquo;了解新校区、热爱新校区、办好新校区&rdquo;为主题的&ldquo;爱国爱校主题日&rdquo;。</font></p>\r\n<font size="3"><br />\r\n&nbsp;&nbsp;&nbsp;&nbsp; 王志强书记部署了本学期几项重点工作：学习科学发展观活动进入整改落实阶段，落实整改方案要在具体工作中取得实效；以中层干部换届为契机，进一步深化管理 体制改革；高效、有序地推进两校区并行运行，充分利用好现有资源；通过广泛调研落实新校区教职工住房解决方案；组织好爱国爱校系列活动。他强调广大干部群 众要高度重视校园安全工作，并在工作、生活和学术方面严格要求自己。王志强书记说，我们要继续以科学发展观为指导思想，发扬&ldquo;求实求真，大气大为&rdquo;的精 神，大力推进四项建设，着力实现两项提高，努力建好新校区，办好新校区，推进学校快速发展，科学发展。&nbsp;</font><font size="3"><br />\r\n<br />\r\n&nbsp;&nbsp;&nbsp;&nbsp;&nbsp; 汪劲松校长指出，在今后一段时间里，我们要进一步总结、凝练、弘扬电子科技大学核心价值观，使成电精神深深烙在每一位教师和学生心中，形成学校最宝贵的财 富；要以人才培养为根本，崇尚学术，追求学术价值，踏实干事，强化服务意识，提高服务效率。同时，我们要围绕&ldquo;建好新校区、办好新校区&rdquo;集思广益，更新观 念，齐心协力，努力工作，实实在在地解决教学科研工作中的具体问题，进一步推动学校科学发展。 </font>', 2, 0, '', '', 1, 'http://www.news.uestc.edu.cn/Data/Image/090827/ganbuhui.jpg', 1);
INSERT INTO `lz_item` VALUES (70, 44, 1253087220, NULL, 1253087220, 1, '学校召开总支书记会', '<p><font size="3">&nbsp;&nbsp;&nbsp;&nbsp; 9月10日，学校召开党总支书记会议，校党委书记王志强通报了我校甲型H1N1流感防控工作，传达了近期党委常委会的有关精神，对&ldquo;我爱我的祖国&rdquo;主题教育活动做了布置。各党总支、直属支部书记参加了会议。 <br />\r\n<br />\r\n&nbsp;&nbsp;&nbsp;&nbsp; 王志强书记指出，目前成都市甲型H1N1流感的形势比较严峻，进一步做好我校预防工作刻不容缓。他要求各单位必须高度重视，进一步加强对甲型H1N1流感的防控，做好甲型H1N1流感的预防宣传和健康教育，加强校园管理，确保学校正常的教学秩序和生活秩序。 <br />\r\n<br />\r\n&nbsp;&nbsp;&nbsp;&nbsp;&nbsp; 王志强书记重点布置了&ldquo;我爱我的祖国&rdquo;主题教育活动。他说，今年是新中国成立60周年，学校决定举行爱国爱校系列活动：邀请省、市领导来校做形势政策报 告，开展&ldquo;祖国万岁&rdquo;歌咏比赛和爱国爱校主题日活动等。其中，学校定于9月27日在清水河校区举行以&ldquo;了解清水河校区、热爱清水河校区、办好清水河校区&rdquo; 为主题的爱国爱校主题日活动，包括清水河校区校史馆和科技馆开馆、爱国爱校绘画书法摄影作品展、邀请全国百所中学校长和高中生参观学校、开放实验室、举行 文艺晚会和焰火晚会等内容。 <br />\r\n<br />\r\n&nbsp;&nbsp;&nbsp;&nbsp;&nbsp; 王志强书记还传达了党委常委会相关精神，通报了学校学习实践活动群众满意度测评结果以及落实整改措施等工作</font><font size="3">情况。 <br />\r\n</font></p>', 2, 0, '', '', 0, '', 1);
INSERT INTO `lz_item` VALUES (71, 14, 1253087280, NULL, 1253087280, 1, '海军丁一平副司令员来校视察', '<p><span lang="EN-US"><o:p></o:p></span></p>\r\n<p class="MsoNormal" style="margin: 0cm 0cm 0pt; text-indent: 21pt;"><font size="3"><st1:chsdate w:st="on" isrocdate="False" islunardate="False" day="19" month="7" year="2009"><span lang="EN-US"><font face="Times New Roman">&nbsp;7</font></span><span style="font-family: 宋体;">月</span><span lang="EN-US"><font face="Times New Roman">19</font></span><span style="font-family: 宋体;">日</span></st1:chsdate><span style="font-family: 宋体;">，中国人民解放军海军副司令员丁一平一行来我校视察。在杨晓波副校长的陪同下，丁副司令员视察了我校极高频国防复杂系统重点学科实验室和抗干扰技术国防重点实验室，听取了我校科技工作的汇报。</span></font></p>\r\n<p class="MsoNormal" style="margin: 0cm 0cm 0pt; text-indent: 21pt;"><font size="3"><span style="font-family: 宋体;">&nbsp;&nbsp;&nbsp;&nbsp; <img width="600" vspace="8" height="440" src="http://www.news.uestc.edu.cn/Data/Image/090721/haijun01.jpg" alt="" /></span></font></p>\r\n<p class="MsoNormal" style="margin: 0cm 0cm 0pt; text-indent: 21pt;"><font size="3"><span style="font-family: 宋体;">&nbsp;&nbsp;&nbsp;&nbsp;&nbsp;<img width="600" vspace="8" height="399" src="http://www.news.uestc.edu.cn/Data/Image/090721/haijun01_1.jpg" alt="" /></span></font></p>\r\n<p class="MsoNormal" style="margin: 0cm 0cm 0pt; text-indent: 21pt;"><font size="3"><span style="font-family: 宋体;">&nbsp;&nbsp;&nbsp;&nbsp; <img width="600" vspace="8" height="399" src="http://www.news.uestc.edu.cn/Data/Image/090721/haijun02.jpg" alt="" /></span></font></p>\r\n<p class="MsoNormal" style="margin: 0cm 0cm 0pt; text-indent: 21pt;"><font size="3"><span style="font-family: 宋体;">&nbsp;&nbsp;&nbsp;&nbsp; <img width="600" vspace="8" height="399" src="http://www.news.uestc.edu.cn/Data/Image/090721/haijun03.jpg" alt="" /></span></font></p>\r\n<p class="MsoNormal" style="margin: 0cm 0cm 0pt; text-indent: 21pt;"><span style="font-family: 宋体;"><font size="3">党委书记王志强对丁一平副司令员的到来表示热烈欢迎，他介绍了学校的办学历史和办学特色。王书记说，长期以来，学校的发展得到了总装备部和各大军种的关心和支持，学校将继续为国防现代化建设和部队建设服好务。</font></span></p>\r\n<p class="MsoNormal" style="margin: 0cm 0cm 0pt; text-indent: 21.75pt;"><span style="font-family: 宋体;"><font size="3">丁一平副令员听取汇报后说，第一次到学校来，通过参观和考察，对学校有了深刻的印象，电子科技大学是一所现代化的高水平大学，校园建设得非常好，在一些研究领域很有特色和优势。通过技术牵引，沟通交流，发挥学校技术和人才优势，为海军的信息化建设做出了贡献。</font></span></p>\r\n<p class="MsoNormal" style="margin: 0cm 0cm 0pt;"><span lang="EN-US"><o:p><font face="Times New Roman" size="3">&nbsp;</font></o:p></span></p>', 2, 0, '', '', 1, 'http://www.news.uestc.edu.cn/Data/Image/090721/haijun01.jpg', 1);
INSERT INTO `lz_item` VALUES (89, 7, 1253181660, NULL, 1253181660, 1, '测试视频。', '<p>视频上传方法：用ftp将压缩好的flv文件上传至网站根目录的public/uploadfiles/目录下。然后在编辑界面选择最近上传的附件即可。</p>\r\n<p><embed height="387" width="452" src="flvplayer.swf" allowfullscreen="true" flashvars="vcastr_file=trans_url.php?url=cHVibGljL3VwbG9hZGZpbGVzLyVFNiU4OCU5MS5mbHY=&amp;type.flv&amp;IsAutoPlay=0&amp;BufferTime=3" quality="high" pluginspage="http://www.macromedia.com/go/getflashplayer" wmode="opaque" type="application/x-shockwave-flash"></embed></p>', 6, 0, '', '', 0, '', 1);
INSERT INTO `lz_item` VALUES (73, 12, 1253107500, NULL, 1253107500, 1, '汪劲松校长到学院调研', '<p><font size="3">&nbsp;&nbsp;&nbsp;&nbsp;&nbsp; 9月14日&mdash;&mdash;15日，汪劲松校长先后调研了通信学院、计算机软件学院、微固学院、物电学院，听取学院情况汇报，与教师座谈交流。汪劲松校长指出，学生是立院之本，学术是强院之路。无论是学校还是学院的发展，都要苦练内功，走内涵式发展的道路。</font></p>\r\n<p><font size="3">&nbsp;&nbsp;&nbsp;&nbsp;&nbsp;&nbsp;&nbsp;&nbsp;&nbsp;&nbsp;&nbsp;&nbsp;&nbsp;&nbsp;&nbsp;<img width="600" vspace="8" height="434" src="http://www.news.uestc.edu.cn/Data/Image/090915/diaoyan%281%29.jpg" alt="" />&nbsp;<br />\r\n<br />\r\n&nbsp;&nbsp;&nbsp;&nbsp;&nbsp; 调研期间，通信学院院长饶云江、计算机软件学院秦志光、微固学院院长李言荣、物电学院院长宫玉彬详细介绍了学院的发展历史、人才培养、学科建设、科学研和师资队伍建设等情况。院长们针对学院目前情况，提出了进一步发展的思路。</font></p>\r\n<font size="3">&nbsp;&nbsp;&nbsp;&nbsp; 各学院教师畅所欲言，就学校发展提出了建议和意见。</font><font size="3">在学科 建设方面，老师们重点提到学科交叉的瓶颈问题。通信学院副院长隆克平谈到人才引进问题。在研究生培养方面，微固学院副院长邓龙江提出，培养博士、研究生的 水平也反映了科研水平，研究生的论文选题非常重要。 老师们还提到青年教师的教学压力、学科分类较细、跨院系招研究生、人文氛围的营造等问题。在学生培养方面，计算机软件学院蒲晓蓉老师结合英才实验班学生的 培养，提出既要重智商培育，又要重情商培育。教师不仅要专业素质高，而且要有高尚的人格。 <br />\r\n<br />\r\n&nbsp;&nbsp;&nbsp;&nbsp;&nbsp;&nbsp; 汪劲松校长在会上指出，培养学生，既要重视&ldquo;量&rdquo;，更要重视&ldquo;质&rdquo;。在博士生、研究生培养中，要以&ldquo;优博&rdquo;为目标，培养拔尖人才。在本科生培养中，要强化 辅导员、班主任的引导作用，重视工科学生动手实践能力的培养。在学术研究方面，汪校长提出要重视基础研究，保证科学研究的可持续发展。 <br />\r\n<br />\r\n&nbsp;&nbsp;&nbsp;&nbsp;&nbsp;&nbsp; 汪劲松校长说，全校师生是同甘苦共命运的一家人。我们既要建好新校区，又要发展好新校区。他说，在教师住房的问题上，我们要相互理解，相互尊重，相互沟通。全校教师要围绕共同的目标，有激情、韧劲，团结一致，推动学校不断向前发展。 <br />\r\n<br />\r\n&nbsp;&nbsp;&nbsp;&nbsp;&nbsp;&nbsp; 调研过程中，汪劲松校长参观了各学院实验室。 <br />\r\n<br />\r\n&nbsp;&nbsp;&nbsp;&nbsp;&nbsp;&nbsp; 汪劲松校长还将调研全校其他10个学院及空天院、电科院、抗干扰重点实验室。 </font>', 4, 0, '', '', 1, 'http://www.news.uestc.edu.cn/Data/Image/090915/diaoyan%281%29.jpg', 1);
INSERT INTO `lz_item` VALUES (74, 12, 1253107680, NULL, 1253107680, 1, '汪劲松校长在清水河校区调研并与学生代表', '<p class="MsoNormal" style="margin: 0cm 0cm 0pt; text-indent: 24pt;"><span style="font-family: 宋体; font-size: 12pt;">七月的清水河校区，银杏翠绿，绿草如茵。</span><st1:chsdate w:st="on" isrocdate="False" islunardate="False" day="7" month="7" year="2009"><span lang="EN-US" style="font-size: 12pt;">7</span><span style="font-family: 宋体; font-size: 12pt;">月</span><span lang="EN-US" style="font-size: 12pt;">7</span><span style="font-family: 宋体; font-size: 12pt;">日</span></st1:chsdate><span style="font-family: 宋体; font-size: 12pt;">，校党委书记王志强、校长汪劲松一行先后考察了清水河校区、学生科技创新团队、图书馆和九里堤校区，听取了清水河校区建设情况汇报和继续教育情况汇报，并与学生代表亲切座谈。汪校长指出，电子科大有很好的发展基础，我们一定要把学校的各项事业继续推向前进。</span></p>\r\n<p class="MsoNormal" style="margin: 0cm 0cm 0pt; text-indent: 24pt;"><span lang="EN-US" style="font-size: 12pt;"><o:p></o:p></span></p>\r\n<p class="MsoNormal" style="margin: 0cm 0cm 0pt; text-indent: 24pt;"><span lang="EN-US" style="font-size: 12pt;"><o:p>&nbsp;<img width="600" vspace="8" height="399" src="http://www.news.uestc.edu.cn/Data/Image/090707/zuotan.jpg" alt="" /></o:p></span></p>\r\n<p class="MsoNormal" style="margin: 0cm 0cm 0pt; text-indent: 24pt;"><span lang="EN-US" style="font-size: 12pt;"><o:p>&nbsp;<img width="600" vspace="8" height="399" src="http://www.news.uestc.edu.cn/Data/Image/090707/zuotan2.jpg" alt="" /></o:p></span></p>\r\n<p class="MsoNormal" style="margin: 0cm 0cm 0pt; text-indent: 24pt;"><span style="font-family: 宋体; font-size: 12pt;">上午</span><span style="font-family: 宋体; font-size: 12pt;">， 王志强书记、汪劲松校长在余敏明副校长的陪同下考察了清水河校区主要建筑，并听取了清水河校区建设办公室主任祖庆军有关清水河校区建设情况汇报。听取汇报 后，汪劲松校长充分肯定了清水河校区建设所取得的成绩。他指出，清水河校区建设为学校的发展提供了良好的硬件条件保障，对学校发展十分重要，而且这种重要 性在未来的</span><span lang="EN-US" style="font-size: 12pt;">20</span><span style="font-family: 宋体; font-size: 12pt;">、</span><span lang="EN-US" style="font-size: 12pt;">30</span><span style="font-family: 宋体; font-size: 12pt;">年 将体现得更加明显，上一届领导班子为学校的发展奠定了很好的基础；参与建设的同志以超常规的速度保障了清水河校区顺利投入使用，这离不开大家所付出的辛勤 劳动。他说，做好学校的每一项工作需要的是对学校的热爱、高度的责任心、保持高昂的工作激情，要把这样的工作氛围传递给每一位教职工，在全校形成热爱工作 岗位，尽职尽责，努力工作的精神风貌。王志强书记对清水河校区建设办公室的同志提出了希望，他希望清水河校区建设办公室的同志们继续保持良好的工作作风， 进一步做好清水河校区建设工作，为学校的未来发展奠定基业。</span><span lang="EN-US" style="font-size: 12pt;"><o:p></o:p></span></p>\r\n<p class="MsoNormal" style="margin: 0cm 0cm 0pt; text-indent: 24pt;"><span lang="EN-US" style="font-size: 12pt;"><o:p>&nbsp;</o:p></span></p>\r\n<p class="MsoNormal" style="margin: 0cm 0cm 0pt; text-indent: 24pt;"><span style="font-family: 宋体; font-size: 12pt;">随后，王志强书记、汪劲松校长来到位于学生活动中心一楼的学生科技创新团队，参观了计算机学院梦飞无限工作室、微固学院</span><span lang="EN-US" style="font-size: 12pt;">IC</span><span style="font-family: 宋体; font-size: 12pt;">科协、物电学院物电科协，并详细询问了同学们的科技创新活动情况。汪劲松校长对同学们的科技创新成果十分赞许，他说，学生科技创新活动对于激发学生学习兴趣，培养动手实践能力，提高创新能力，促进全面成长具有十分重要的意义，他勉励同学们继续努力，不断成长。</span></p>\r\n<p class="MsoNormal" style="margin: 0cm 0cm 0pt; text-indent: 24pt;"><span lang="EN-US" style="font-size: 12pt;"><o:p><font face="宋体">&nbsp;</font></o:p></span></p>\r\n<p class="MsoNormal" style="margin: 0cm 0cm 0pt; text-indent: 24pt;"><span lang="EN-US" style="font-size: 12pt;"><o:p></o:p></span></p>\r\n<p class="MsoNormal" style="margin: 0cm 0cm 0pt; text-indent: 24pt;"><span style="font-family: 宋体; font-size: 12pt;">王志强书记、汪劲松校长来到学生活动中心</span><span lang="EN-US" style="font-size: 12pt;">3</span><span style="font-family: 宋体; font-size: 12pt;">楼， 与学生代表亲切座谈。校党委副书记王亚非主持座谈会。王志强书记、汪劲松校长的到来受到同学们的热烈欢迎。同学们争先恐后地发言，纷纷汇报自己的学习生活 感受，介绍参加社团活动、科技竞赛情况。王志强书记、汪劲松校长认真听取了同学们的发言，并对同学们提出了殷切的希望。王志强书记说，随着清水河校区投入 使用，学校的办学条件得到极大的改善，为同学们学习创造了良好的条件。同学们一定要珍惜时光，勤奋学习，专注学业，抓住机会锻炼自己，在锻炼中不断成长。 汪劲松校长说，高等学校的根本任务是人才培养，衡量一所高校成功与否关键看它培养的人才是否对国家经济社会具有决定性的影响，因此学校办学要以学生为中 心，要为学生着想，要加强与学生的沟通交流，听取同学们的要求和建议。汪劲松校长用清华大学前校长王大中的话&ldquo;严谨为学，诚信为人&rdquo;勉励在座同学，要执著 学业，自觉抵制浮躁的心态、急功近利和重学位轻学问等不良思想影响，静下心来学习，找准兴趣学习。汪劲松校长还对同学们提出了两点建议，他建议同学们开阔 视野，不能局限于专业学习，保持好奇心，充满学习激情，广泛涉猎理工、人文、社会科学等各方面知识，完善知识结构，锻炼综合素质。在社团活动、科技竞赛活 动之外，要积极参加体育活动，强健体魄，锤炼意志力、自信心，培养克服困难的决心和能力。同学们要拥有一颗感恩的心，要懂得宽容，用宽容和感恩的心对待学 习、生活和他人，保持良好的学习、生活心态，做幸福的人。最后，汪校长对同学们提出了期望，他希望电子科技大学的学生既是全面发展的高素质综合性人才，同 时又是特色鲜明，彰显个性，有激情、有思想的人才。</span><span lang="EN-US" style="font-size: 12pt;"><o:p></o:p></span></p>\r\n<p class="MsoNormal" style="margin: 0cm 0cm 0pt; text-indent: 24pt;"><span lang="EN-US" style="font-size: 12pt;"><o:p>&nbsp;</o:p></span></p>\r\n<p class="MsoNormal" style="margin: 0cm 0cm 0pt; text-indent: 24pt;"><span style="font-family: 宋体; font-size: 12pt;">王志强书记、汪劲松校长的讲话引起在场学生的强烈共鸣，赢得了同学们的阵阵掌声。会后，学校领导与同学们一一握手告别。</span><span lang="EN-US" style="font-size: 12pt;"><o:p></o:p></span></p>\r\n<p class="MsoNormal" style="margin: 0cm 0cm 0pt; text-indent: 24pt;"><span lang="EN-US" style="font-size: 12pt;"><o:p>&nbsp;</o:p></span></p>\r\n<span style="font-family: 宋体; font-size: 12pt;">下 午，王志强书记、汪劲松校长在考察了九里堤校区后，听取了继续教育学院院长曾翎关于学校继续教育工作汇报。在听取汇报后，汪劲松校长说，继续教育是高校人 才培养的重要组成部分，也是学校发挥社会服务功能的重要内容。他强调，质量是继续教育的生命线，学历教育要严格规范，提高办学质量；非学历教育要注重品 牌，着力打造好&ldquo;成电纵横&rdquo;的品牌形象。王志强书记说，继续教育为学校办学增添了活力，他鼓励大家继续发扬拼搏精神，进一步提高继续教育质量和水平。朱宏 副校长、继续教育学院相关负责人陪同考察了九里堤校区，并参加座谈会。</span>', 10, 0, '', '', 1, 'http://www.news.uestc.edu.cn/Data/Image/090707/zuotan.jpg', 1);
INSERT INTO `lz_item` VALUES (75, 12, 1253107860, NULL, 1253107860, 1, '新学期开课秩序井然', '<p><font size="3">&nbsp;&nbsp;&nbsp;&nbsp;&nbsp; 8月31日，我校新学期开课第一天。党委书记王志强、校长汪劲松、党委副书记王亚非、副校长朱宏，校长助理、教务处处长杨亚培分赴沙河校区、清水河校区，察看教师授课和学生到课、听课情况。检查结果表明，新学期教学运行良好，各方面工作井然有序。&nbsp;</font></p>\r\n<p><font size="3">&nbsp;&nbsp;&nbsp;&nbsp;&nbsp;&nbsp;&nbsp;&nbsp;&nbsp;&nbsp;&nbsp;&nbsp;&nbsp; <img width="600" vspace="8" height="399" src="http://www.news.uestc.edu.cn/Data/Image/090831/kaixue01.jpg" alt="" /></font></p>\r\n<p><font size="3">&nbsp;&nbsp;&nbsp;&nbsp;&nbsp;&nbsp;&nbsp;&nbsp;&nbsp;&nbsp;&nbsp;&nbsp;&nbsp; <img width="600" vspace="8" height="399" src="http://www.news.uestc.edu.cn/Data/Image/090831/kaixue02.jpg" alt="" /><br />\r\n<br />\r\n&nbsp;&nbsp;&nbsp;&nbsp;&nbsp;&nbsp; 上午第一节课，王志强书记来到沙河校区第二教学楼察看，汪劲松校长、朱宏副校长、王亚非副书记到清水河校区检查。校领导仔细察看课堂互动情况，询问学生出勤率，并与自习学生交流。 <br />\r\n<br />\r\n&nbsp;&nbsp;&nbsp;&nbsp;&nbsp;&nbsp; 检查结果显示，师生们精神饱满，学生到课率高、听课认真。&nbsp;</font></p>\r\n<p><font size="3">&nbsp;&nbsp;&nbsp;&nbsp;&nbsp;&nbsp; 教务处、学工部相关负责人陪同检查。 </font></p>', 3, 0, '', '', 1, 'http://www.news.uestc.edu.cn/Data/Image/090831/kaixue01.jpg', 1);
INSERT INTO `lz_item` VALUES (76, 14, 1253107980, NULL, 1253107980, 1, '政管学院师生共迎新学期', '<p><font size="3"> 9月5日下午，刘智勇副院长在二教307给全体研一新生带来了一场主题为&ldquo;学习与研究方法&rdquo;的讲座。 <br />\r\n<br />\r\n&nbsp;&nbsp;&nbsp;&nbsp; 刘老师建议同学们一定要在新学期制定明确的学习计划和展望未来的蓝图。关于学习计划的核心及要点，他从四个方面作了风趣精彩的阐述，希望大家及时转变角色 和学习方式，实现学习和研究的交融，全面提高获取知识并解决问题及创新的能力。最后，刘老师用清代著名学者王国维在《人间词话》中概括的三种治学境界，勉 励同学们做学问只要明确方向并孜孜以求，定能融会贯通、硕果累累。 <br />\r\n<br />\r\n&nbsp;&nbsp;&nbsp; 当日晚7点半，学院的领导和各专业的教授及辅导员老师们到学生宿舍，看望研究生及本科全体新同学。 <br />\r\n<br />\r\n&nbsp;&nbsp;&nbsp; 同学们在看到学院各位院领导和老师们，纷纷涌到走廊里夹道欢迎。祝小宁院长代表各位老师，表示了对同学们的关切和衷心问候，并和老师们走进学生寝室，细心 询问同学们的生活情况，为大家解惑答疑。祝晓宁还嘱咐同学们珍惜友谊，兼顾做学问和做人。他希望同学们早日规划人生蓝图、志存高远，为明日的腾飞执着奋 斗。 </font></p>', 2, 0, '', '', 0, '', 1);
INSERT INTO `lz_item` VALUES (77, 14, 1253107980, NULL, 1253107980, 1, '空天院举行十七大精神宣讲报告会', '<p><font size="3">&nbsp;&nbsp;&nbsp;&nbsp;&nbsp;&nbsp;&nbsp; 为了进一步深刻领会十七大精神内涵，2008年6月27日下午，空天院邀请了我校十七大精神宣讲团成员、组织部部长袁正希作&ldquo;深入学习贯彻党的十七大精神，以改革创新推动我校党的建设&rdquo;的专题报告。空天院全体教工党员参加了报告会。</font></p>\r\n<blockquote style="margin-right: 0px;" dir="ltr">\r\n<p><font size="3"><img width="600" vspace="8" height="450" src="http://www.news.uestc.edu.cn/Data/Image/080630/20080630110507923755.jpg" alt="" />&nbsp;</font></p>\r\n</blockquote> <font size="3"><br />\r\n<br />\r\n&nbsp;&nbsp;&nbsp;&nbsp;&nbsp;&nbsp;&nbsp; 袁正希部长紧紧围绕&ldquo;党的建设&rdquo;进行了宣讲，一方面传达了十七大关于党建方面的会议内容，另一方面结合学校实际情况，分析了我校基层党组织和党员的现状，强调了高校党建的重要性。 <br />\r\n<br />\r\n&nbsp;&nbsp;&nbsp;&nbsp;&nbsp;&nbsp;&nbsp; 袁部长提出并分析了基层党组织的四项目标：推动发展、服务群众、凝聚人心、促进和谐。他结合空天院的实际情况，提出要围绕空天院的科研教学工作来学习十七大精神，努力提高空天院的凝聚力和核心竞争力。 <br />\r\n&nbsp;&nbsp;&nbsp;&nbsp;&nbsp;&nbsp;&nbsp; 报告会上，总支书记刘强强调空天院的全体教职工一定要明确方向、凝聚团队、增强能力、提高科研教学水平，把个人发展与国家发展结合起来，把个人兴趣与国家需求相结合。党员教师一定要发挥好先锋模范作用，带领身边同事共同进步。 </font>', 3, 0, '', '', 1, 'http://www.news.uestc.edu.cn/Data/Image/080630/20080630110507923755.jpg', 1);
INSERT INTO `lz_item` VALUES (78, 44, 1253108040, NULL, 1253108040, 1, '复合培养实验班学子赴澳进行暑期学习交流', '<p><font size="3">&nbsp;&nbsp;&nbsp;&nbsp;&nbsp;&nbsp;&nbsp;&nbsp;&nbsp;&nbsp; <img align="middle" border="0" src="http://www.mgmt.uestc.edu.cn/eWebEditor/UploadFile/2009914112233339.jpg" alt="" /></font></p>\r\n<div align="center"><font size="3"><img align="middle" border="0" src="http://www.mgmt.uestc.edu.cn/eWebEditor/UploadFile/2009914112241436.jpg" alt="" /></font></div>\r\n<div align="center"><font size="3"><img align="middle" border="0" src="http://www.mgmt.uestc.edu.cn/eWebEditor/UploadFile/2009914112254802.jpg" alt="" /></font></div>\r\n<div align="center"><font size="3"><img border="0" src="http://www.mgmt.uestc.edu.cn/eWebEditor/UploadFile/200991411235186.jpg" alt="" /></font></div>\r\n<div align="center"><font size="3"><img align="middle" border="0" src="http://www.mgmt.uestc.edu.cn/eWebEditor/UploadFile/2009914112314171.jpg" alt="" /></font></div>\r\n<div align="center"><font size="3"><img align="middle" border="0" src="http://www.mgmt.uestc.edu.cn/eWebEditor/UploadFile/2009914112333250.jpg" alt="" /></font></div>\r\n<div><font size="3">&nbsp;</font></div>\r\n<div><font size="3">　　今年暑期，首届&ldquo;管理-电子工程复合培养实验班&rdquo;7名学子赴澳大利亚进行了为期4周的英语培训和实习活动，这也是我校首次组织本科学生出国学习交流。近日，这批学生圆满完成培训和实习，顺利返校。</font></div>\r\n<div><font size="3">　　赴澳进行暑期英语培训实习的7名学子前三周每天上午在维多利亚大学语言中心进行语言学习，下午在墨尔本及其周边区域的公司或机构参加实习活动，最后一周则全天参与实习。</font></div>\r\n<div><font size="3">　　维多利亚大学的语言培训中心实行小班教学，指派的上课教师、活动指导教师都具有十分丰富的经验，在教学内容、授课形式以及语言实践活动等都作了周密的安排。实习结束后，维多利亚大学为每一名参训学子颁发了结业证书。</font></div>\r\n<div><font size="3">　　在墨尔本期间，实验班学子进入到不同类型的公司或机构进行岗位实习，参与实习的单位包括慈善机构、房地产经纪、商业营销、学校等。同学们良好的实习工作表现得到了这些公司、机构的认同。</font></div>\r\n<div><font size="3">　　为进一步深入了解澳洲的文化、历史，感受不同文化的冲击，在学习、实习之余，复合实验班同学还组织了丰富多 彩的集体活动。在带队老师的带领下，实验班同学在风景如画的Yarra河边感受墨尔本最具特色的烧烤、参观澳网公开赛场馆和维多利亚州立图书馆、乘坐帕芬 比利蒸汽小火车 （Puffing Billy Steam Train）、到动物园与袋鼠、考拉来了一次亲密接触。</font></div>\r\n<div><font size="3">　　在澳期间，复合培养实验班同学采取的是HOMESTAY的住宿形式。短短的四周时间，与澳洲家庭的朝夕相 处，同学们和房东都成为了朋友，不仅如此，同学们还结识了来自韩国、沙特、越南、智利、秘鲁等众多其他国家的留学生，也有来自中国大陆其他地区的同学，并 与他们建立了朋友关系。由此进一步丰富、拓宽了同学们的视野和思路，了解了世界之大。</font></div>\r\n<div><font size="3">　　这批参加暑期赴澳学习交流的复合实验班同学表示，本次澳洲之行终生难忘，特别要感谢经管学院院领导的关心和 支持，让自己在本科阶段就有机会接触外面的世界，一个月的时间虽然很短，但经历的事情很多，这是自己未来成长非常宝贵的一笔财富，让自己更有信心迎接未来 的挑战，也进一步坚定了自己的信念，明确了未来的发展目标，自己将更加努力学习，严格要求自己，不辜负学校和学院的期望。</font></div>', 4, 0, '', '', 1, 'http://www.mgmt.uestc.edu.cn/eWebEditor/UploadFile/2009914112233339.jpg', 1);
INSERT INTO `lz_item` VALUES (79, 44, 1253108040, NULL, 1253108040, 1, '校学生合唱团赴渝参加“祖国万岁”歌咏活动', '<p class="MsoNormal" style="margin: 0cm 0cm 0pt; text-indent: 26.25pt;"><font size="3"><st1:chsdate w:st="on" isrocdate="False" islunardate="False" day="10" month="9" year="2009"><span lang="EN-US">9</span><span style="font-family: 宋体;">月</span><span lang="EN-US">10</span><span style="font-family: 宋体;">日</span></st1:chsdate><span style="font-family: 宋体;">至</span><span lang="EN-US">14</span><span style="font-family: 宋体;">日，我校学生合唱团代表四川省赴重庆参加全国教育系统&ldquo;祖国万岁&rdquo;歌咏活动集中展演，获得该展演的优秀奖。</span></font></p>\r\n<p class="MsoNormal" style="margin: 0cm 0cm 0pt; text-indent: 26.25pt;"><font size="3"><span style="font-family: 宋体;">&nbsp;&nbsp; <img width="600" vspace="8" height="400" src="http://www.news.uestc.edu.cn/Data/Image/090915/09%20002.JPG" alt="" /></span></font></p>\r\n<p class="MsoNormal" style="margin: 0cm 0cm 0pt; text-indent: 26.25pt;"><font size="3"><span style="font-family: 宋体;">&nbsp; </span></font></p>\r\n<p class="MsoNormal" style="margin: 0cm 0cm 0pt; text-indent: 26.25pt;"><font size="3"><span style="font-family: 宋体;">&nbsp;&nbsp; </span></font><font size="3"><span style="font-family: 宋体;"><img width="600" vspace="8" height="400" src="http://www.news.uestc.edu.cn/Data/Image/090915/09%20001.jpg" alt="" /></span></font></p>\r\n<p class="MsoNormal" style="margin: 0cm 0cm 0pt; text-indent: 26.25pt;"><font size="3"><span lang="EN-US"><st1:chsdate w:st="on" isrocdate="False" islunardate="False" day="10" month="9" year="2009">9<span lang="EN-US" style="font-family: 宋体;"><span lang="EN-US">月</span></span>10<span lang="EN-US" style="font-family: 宋体;"><span lang="EN-US">日</span></span></st1:chsdate><span lang="EN-US" style="font-family: 宋体;">&ldquo;祖国万岁&rdquo;歌咏活动汇演在重庆师范大学校友会堂音乐厅举行。我校学生合唱团演唱的是充满彝族风情的曲目《远方的客人请你<span lang="EN-US">留下来》与《情深意长》。</span></span></span></font><font size="3"><st1:chsdate w:st="on" isrocdate="False" islunardate="False" day="13" month="9" year="2009"><span lang="EN-US">9</span><span style="font-family: 宋体;">月</span><span lang="EN-US">13</span><span style="font-family: 宋体;">日，</span></st1:chsdate><span style="font-family: 宋体;">我校学生合唱团与福建师范大学、安徽师范大学同台演唱《抗日军政大学校歌》与《在太行山上》。</span></font></p>\r\n<p class="MsoNormal" style="margin: 0cm 0cm 0pt; text-indent: 26.25pt;"><font size="3"><span style="font-family: 宋体;">中共中央政治局委员、重庆市市委书记薄熙来，教育部部长周济，教育部体卫艺司司长杨贵仁等领导观看了演出，周济部长到后台亲切慰问了参演师生。</span></font></p>', 3, 0, '', '', 1, 'http://www.news.uestc.edu.cn/Data/Image/090915/09%20002.JPG', 1);
INSERT INTO `lz_item` VALUES (80, 12, 1253164267, 1, 1253115060, 1, '测试上传图片。', '<p>&nbsp;</p>\r\n<p>&nbsp;</p>\r\n<p><img src="trans_url.php?url=cHVibGljL3VwbG9hZGZpbGVzLyVFNiVCMiU5OSVFNiVCMiVCMyVFNiU5NyVBOSVFNiU5OSVBOC5qcGc=&amp;type.jpg" alt="" /></p>', 12, 0, '', '', 1, 'trans_url.php?url=cHVibGljL3VwbG9hZGZpbGVzLyVFNiVCMiU5OSVFNiVCMiVCMyVFNiU5NyVBOSVFNiU5OSVBOC5qcGc=&amp;type.jpg', 1);
INSERT INTO `lz_item` VALUES (87, 12, 1253164260, NULL, 1253164260, 1, '测试图片', '<p>&nbsp;<img src="public/uploadfiles/eeeeeeee.jpg" alt="" /></p>\r\n<p>&nbsp;</p>', 7, 0, '', '', 1, 'public/uploadfiles/eeeeeeee.jpg', 1);
INSERT INTO `lz_item` VALUES (90, 7, 1253182981, 1, 1253182860, 1, 'fdsafa', '<p>&nbsp;fdsfdsaf</p>\r\n<p><embed style="width: 599px; height: 395px" width="599" src="flvplayer.swf" allowfullscreen="true" flashvars="vcastr_file=trans_url.php?url=cHVibGljL3VwbG9hZGZpbGVzLyVFNiU4OCU5MS5mbHY=&amp;type.flv&amp;IsAutoPlay=0&amp;BufferTime=3" quality="high" wmode="opaque" pluginspage="http://www.macromedia.com/go/getflashplayer" type="application/x-shockwave-flash" height="395"></embed></p>\r\n<p><img src="http://192.168.1.106/international/public/uploadfiles/Water%20lilies.jpg" alt="" /></p>', 4, 0, '', '', 1, 'http://192.168.1.106/international/public/uploadfiles/Water%20lilies.jpg', 1);
INSERT INTO `lz_item` VALUES (92, 7, 1253208356, 1, 1253190060, 1, '测试。', '<p>&nbsp;</p>\r\n<p>&nbsp;</p>\r\n<p><embed style="width: 578px; height: 286px" pluginspage="http://www.macromedia.com/go/getflashplayer" src="flvplayer.swf" width="578" height="286" type="application/x-shockwave-flash" wmode="opaque" quality="high" flashvars="vcastr_file=public%2Fuploadfiles%2F%25E6%2588%2591.flv&amp;IsAutoPlay=0&amp;BufferTime=3" allowfullscreen="true"></embed></p>\r\n<p>&nbsp;</p>', 11, 0, '', '', 0, '', 1);
INSERT INTO `lz_item` VALUES (95, 46, 1253208540, NULL, 1253208540, 1, 'fdsfdsaf dfa ', '<p><img alt="" src="public/uploadfiles/17banner%E5%89%AF%E6%9C%AC.jpg" /><img alt="" src="public/uploadfiles/17banner%E5%89%AF%E6%9C%AC.jpg" /><img alt="" src="public/uploadfiles/17banner%E5%89%AF%E6%9C%AC.jpg" /><img alt="" src="public/uploadfiles/17banner%E5%89%AF%E6%9C%AC.jpg" /></p>', 3, 0, '', '', 1, 'public/uploadfiles/17banner%E5%89%AF%E6%9C%AC.jpg', 1);
INSERT INTO `lz_item` VALUES (93, 24, 1253202701, 1, 1253195940, NULL, '在线申请', '<p>请先下载以下文件，填写好之后，上传到本系统。<br />\r\n附件:<a href="public/uploadfiles/报名表.doc">报名表.doc</a></p>\r\n<form method="post" enctype="multipart/form-data" action="index.php?p=paper&amp;m=new">\r\n    <table cellspacing="10" cellpadding="10" border="0" style="margin: 10px; width: 506px;">\r\n        <tbody>\r\n            <tr>\r\n                <th>姓名:</th>\r\n                <td><input type="text" name="name" size="20" />&nbsp;</td>\r\n                <td>&nbsp;</td>\r\n            </tr>\r\n            <tr>\r\n                <th>学院:</th>\r\n                <td><input type="text" name="school" size="20" /></td>\r\n                <td>&nbsp;</td>\r\n            </tr>\r\n            <tr>\r\n                <th>学号:</th>\r\n                <td><input type="text" name="student_id" size="20" /></td>\r\n                <td>&nbsp;</td>\r\n            </tr>\r\n            <tr>\r\n                <th valign="top">附件:</th>\r\n                <td id="attachment">\r\n                <div style="margin: 0pt;"><input type="file" onchange="new_attachment(this)" name="file1" size="20" /></div>\r\n                </td>\r\n                <td style="text-align: left;">请选择必须的附件</td>\r\n            </tr>\r\n            <tr>\r\n                <td>&nbsp;</td>\r\n                <td><input type="submit" value="提交" /> &nbsp;<input type="reset" value="清空" /></td>\r\n                <td>&nbsp;</td>\r\n            </tr>\r\n        </tbody>\r\n    </table>\r\n</form>\r\n<script>\r\nvar file_index = 1;\r\nfunction new_attachment(o)\r\n{\r\n	if (o.value)\r\n	{\r\n		file_index++;\r\n		var div = document.createElement(''div'');\r\n		div.style.margin=''0px'';\r\n		div.innerHTML = ''<input type="file" size="20" name="file''+file_index+''" onchange="new_attachment(this)" />'';\r\n		document.getElementById(''attachment'').appendChild(div);\r\n	}\r\n}\r\n</script>\r\n<p>&nbsp;</p>\r\n<p><br />\r\n&nbsp;</p>\r\n<p>&nbsp;</p>', 1, 0, '', '', 0, '', 3);
INSERT INTO `lz_item` VALUES (86, 45, 1253125980, NULL, 1253125980, 1, '哦？和脑的发放', '<p>&nbsp;</p>\r\n<p><img alt="" src="public/uploadfiles/p_large_lCSD_8976o016065.jpg" /></p>', 2, 0, '', '', 1, 'public/uploadfiles/p_large_lCSD_8976o016065.jpg', 1);
INSERT INTO `lz_item` VALUES (94, 8, 1253207520, NULL, 1253207520, 1, '毕业啦', '<p>&nbsp;</p>\r\n<p><img src="public/uploadfiles/%20%E6%AF%95%E4%B8%9A%20%E5%95%A6.jpg" alt="" /></p>', 2, 0, '', '', 1, 'public/uploadfiles/%20%E6%AF%95%E4%B8%9A%20%E5%95%A6.jpg', 1);

-- --------------------------------------------------------

-- 
-- 表的结构 `lz_paper`
-- 

CREATE TABLE `lz_paper` (
  `paper_id` int(10) unsigned NOT NULL auto_increment,
  `name` varchar(200) character set utf8 collate utf8_unicode_ci default NULL,
  `student_id` varchar(20) character set utf8 collate utf8_unicode_ci default NULL,
  `school` varchar(30) character set utf8 collate utf8_unicode_ci default NULL,
  `time` int(10) unsigned default NULL,
  `files` varchar(250) character set utf8 collate utf8_unicode_ci NOT NULL,
  `status` tinyint(4) NOT NULL default '0',
  `order_id` int(11) NOT NULL default '0',
  PRIMARY KEY  (`paper_id`)
) ENGINE=MyISAM  DEFAULT CHARSET=latin1 AUTO_INCREMENT=23 ;

-- 
-- 导出表中的数据 `lz_paper`
-- 

INSERT INTO `lz_paper` VALUES (17, '刘春龙', '2147483647', '通信', 1253201340, '', 0, 0);
INSERT INTO `lz_paper` VALUES (18, 'eeeee', '12121', '3232', 1253206929, '', 0, 0);
INSERT INTO `lz_paper` VALUES (19, 'eeeee', '12121', '3232', 1253206989, '', 0, 0);
INSERT INTO `lz_paper` VALUES (22, 'eewewwe', '333', 'fdsafads', 1253207179, '', 0, 0);
INSERT INTO `lz_paper` VALUES (15, 'eeeeeeee', '1111', 'aaaa', 1253201029, '', 1, 0);
INSERT INTO `lz_paper` VALUES (16, 'eeeeeeee', '1111', 'aaaa', 1253201111, '', 1, 0);

-- --------------------------------------------------------

-- 
-- 表的结构 `lz_paper_file`
-- 

CREATE TABLE `lz_paper_file` (
  `file_id` int(10) unsigned NOT NULL auto_increment,
  `paper_id` int(10) unsigned NOT NULL,
  `filename` varchar(200) character set utf8 collate utf8_unicode_ci NOT NULL,
  `filepath` varchar(250) character set utf8 collate utf8_unicode_ci default NULL,
  PRIMARY KEY  (`file_id`)
) ENGINE=MyISAM  DEFAULT CHARSET=latin1 AUTO_INCREMENT=14 ;

-- 
-- 导出表中的数据 `lz_paper_file`
-- 

INSERT INTO `lz_paper_file` VALUES (1, 13, '背面.doc', 'attachments/12532009139210.doc');
INSERT INTO `lz_paper_file` VALUES (2, 14, '报名表.doc', 'attachments/12532009914317.doc');
INSERT INTO `lz_paper_file` VALUES (3, 14, '背面.doc', 'attachments/12532009914793.doc');
INSERT INTO `lz_paper_file` VALUES (4, 15, '报名表.doc', 'attachments/12532010296471.doc');
INSERT INTO `lz_paper_file` VALUES (5, 15, '背面.doc', 'attachments/12532010299266.doc');
INSERT INTO `lz_paper_file` VALUES (6, 16, '报名表.doc', 'attachments/12532011116786.doc');
INSERT INTO `lz_paper_file` VALUES (7, 16, '背面.doc', 'attachments/12532011113453.doc');
INSERT INTO `lz_paper_file` VALUES (8, 17, '背面.doc', 'attachments/12532013404064.doc');
INSERT INTO `lz_paper_file` VALUES (9, 17, '报名表.doc', 'attachments/12532013403310.doc');
INSERT INTO `lz_paper_file` VALUES (10, 17, 'Mars Sample Aptitude Test_English Part.pdf', 'attachments/12532013406535.pdf');
INSERT INTO `lz_paper_file` VALUES (11, 18, '背面.doc', 'attachments/12532069294613.doc');
INSERT INTO `lz_paper_file` VALUES (12, 19, '背面.doc', 'attachments/12532069895576.doc');
INSERT INTO `lz_paper_file` VALUES (13, 22, 'Mars_Sample_Aptitude_Test_English_Part.zip', 'attachments/12532071794955.zip');

-- --------------------------------------------------------

-- 
-- 表的结构 `lz_rights`
-- 

CREATE TABLE `lz_rights` (
  `rights_id` int(10) unsigned NOT NULL auto_increment,
  `name` varchar(250) character set utf8 collate utf8_unicode_ci default NULL,
  `description` varchar(250) character set utf8 collate utf8_unicode_ci default NULL,
  `order_id` int(11) NOT NULL default '0',
  `rights` text character set utf8 collate utf8_unicode_ci,
  UNIQUE KEY `rights_id` (`rights_id`)
) ENGINE=MyISAM  DEFAULT CHARSET=latin1 AUTO_INCREMENT=7 ;

-- 
-- 导出表中的数据 `lz_rights`
-- 

INSERT INTO `lz_rights` VALUES (1, '超级管理员', '拥有一切权限', 9, 'category_add,category_update,category_delete,item_add,item_update,item_delete,account_update,config_add,config_update,config_delete,guestbook_update,guestbook_delete,upload_add,user_add,user_update,user_delete,rights_add,rights_update,rights_delete,paper_view,paper_update,paper_delete');
INSERT INTO `lz_rights` VALUES (6, '新闻录入', NULL, 0, 'item_add,item_update,limit_category_id,category_3');

-- --------------------------------------------------------

-- 
-- 表的结构 `lz_search`
-- 

CREATE TABLE `lz_search` (
  `id` int(10) unsigned NOT NULL auto_increment,
  `type_id` int(10) unsigned NOT NULL default '0',
  `type` varchar(30) default NULL,
  `content` mediumtext character set utf8 collate utf8_unicode_ci,
  UNIQUE KEY `id` (`id`),
  FULLTEXT KEY `content` (`content`)
) ENGINE=MyISAM DEFAULT CHARSET=latin1 AUTO_INCREMENT=1 ;

-- 
-- 导出表中的数据 `lz_search`
-- 


-- --------------------------------------------------------

-- 
-- 表的结构 `lz_user`
-- 

CREATE TABLE `lz_user` (
  `user_id` int(10) unsigned NOT NULL auto_increment,
  `rights_id` int(10) unsigned NOT NULL default '0',
  `name` varchar(200) collate utf8_unicode_ci NOT NULL,
  `password` varchar(200) collate utf8_unicode_ci NOT NULL,
  `email` varchar(100) collate utf8_unicode_ci default NULL,
  `status` varchar(100) collate utf8_unicode_ci default NULL,
  UNIQUE KEY `id` (`user_id`)
) ENGINE=InnoDB DEFAULT CHARSET=utf8 COLLATE=utf8_unicode_ci AUTO_INCREMENT=11 ;

-- 
-- 导出表中的数据 `lz_user`
-- 

INSERT INTO `lz_user` VALUES (1, 1, 'longbill', '55d7e24398e9cc418e630d1602a6609f43cefef0', 'longbill.cn@gmail.com', 'admin');
INSERT INTO `lz_user` VALUES (3, 1, 'liujinsong', '37a2966d8db921253adf278b344bf4b3a65ce9f4', 'liujisong668@gmail.com', 'admin');
INSERT INTO `lz_user` VALUES (9, 1, 'gu', '8a50aed9cd470d57377072c5242b4bea756753c6', 'fdsafasd', 'admin');
INSERT INTO `lz_user` VALUES (10, 6, 'a', '472b29a077ae3bf46bf956be710014c3931d0d8e', '', '');
